source_pdf,figure_id,panel_id,series_id,series_name,x,x_unit,y,y_unit,marker_shape,line_style,color_hex,is_inferred,confidence,source_pixel_x,source_pixel_y,notes,point_id,source_instance_id,species,export_eligible,species_evidence,quantity_type,loading_basis,evidence_type,normalized_x,normalized_x_unit,normalized_y,normalized_y_unit,conversion_id,uncertainty_x,uncertainty_y,review_html
C:\Users\jmckenna\dev-ai\chart_extract_v5\testing-stuff-main\data\input\combined_03.pdf,fig2b,b,fig2b:b:co2-303k-bc2a4dd1,CO2 303K,0,kPa,0,mmol/g,circle,solid,#f21f26,true,low,110,565,"evidence_kind=estimated; evidence_ref=panel.png; source_evidence=Native ROI x=104-117 y=553-570 shows all six eligible colored/black series converging at the calibrated in-frame linear (0,0) origin, but individual first glyphs are unresolved; shared-origin assumption used; origin_estimate=true; overlap_flag=true; uncertainty_px=10; source=agent04",pt-00e21eea443c9abf,src-157e9e6f0d87050c,CO2,true,Legend entry '303K' under the blue CO2 legend heading; panel caption identifies panel B as CO2 isotherms.,co2_uptake,per gram of sorbent,estimated_marker,,,,,,2.29885057,0.06637168,C:\Users\jmckenna\dev-ai\chart_extract_v5\testing-stuff-main\artifacts\runs\f2b\fig2b\review.html
C:\Users\jmckenna\dev-ai\chart_extract_v5\testing-stuff-main\data\input\combined_03.pdf,fig2b,b,fig2b:b:co2-303k-bc2a4dd1,CO2 303K,79.90574713,kPa,2.71719027,mmol/g,circle,solid,#f21f26,false,high,457.59,155.61,assigned_by=color; source=auto,pt-0210842642beb064,src-69b6011ef10b201e,CO2,true,Legend entry '303K' under the blue CO2 legend heading; panel caption identifies panel B as CO2 isotherms.,co2_uptake,per gram of sorbent,visible_marker,,,,,,,,C:\Users\jmckenna\dev-ai\chart_extract_v5\testing-stuff-main\artifacts\runs\f2b\fig2b\review.html
C:\Users\jmckenna\dev-ai\chart_extract_v5\testing-stuff-main\data\input\combined_03.pdf,fig2b,b,fig2b:b:co2-303k-bc2a4dd1,CO2 303K,106.74942529,kPa,2.88882743,mmol/g,circle,solid,#f21f26,false,high,574.36,129.75,assigned_by=color; source=auto,pt-023374b00549d3e5,src-29cbba9b88d6af80,CO2,true,Legend entry '303K' under the blue CO2 legend heading; panel caption identifies panel B as CO2 isotherms.,co2_uptake,per gram of sorbent,visible_marker,,,,,,,,C:\Users\jmckenna\dev-ai\chart_extract_v5\testing-stuff-main\artifacts\runs\f2b\fig2b\review.html
C:\Users\jmckenna\dev-ai\chart_extract_v5\testing-stuff-main\data\input\combined_03.pdf,fig2b,b,fig2b:b:co2-303k-bc2a4dd1,CO2 303K,26.76114843,kPa,2.22262364,mmol/g,circle,solid,#f21f26,false,high,226.41000000,230.09000000,assigned_by=color; source=auto,pt-097f797a838faa59,src-d579d5de4a82c376,CO2,true,Legend entry '303K' under the legend heading 'CO2'; caption identifies panel B as CO2 isotherms from 303 to 373 K.,co2_uptake,per gram of sorbent,visible_marker,,,,,,,,C:\Users\jmckenna\dev-ai\chart_extract_v5\testing-stuff-main\artifacts\runs\combined_03\fig2b\review.html
C:\Users\jmckenna\dev-ai\chart_extract_v5\testing-stuff-main\data\input\combined_03.pdf,fig2b,b,fig2b:b:co2-303k-bc2a4dd1,CO2 303K,7.35632184,kPa,1.59955752,mmol/g,circle,solid,#f21f26,true,low,142,324,"evidence_kind=estimated; evidence_ref=panel.png; source_evidence=Red marker-bearing fused band in native ROI x=114-217 y=238-476 has marker-width ink and repeated bulges at the shared low-pressure columns; selected 4 non-origin instances versus competing count 3, with this source-based center (142.0,324.0) owned by the red circle series; overlap_flag=true; uncertainty_px=8; source=agent04",pt-0d3417a9a714027a,src-bc6088adf3eb44ab,CO2,true,Legend entry '303K' under the blue CO2 legend heading; panel caption identifies panel B as CO2 isotherms.,co2_uptake,per gram of sorbent,estimated_marker,,,,,,1.83908046,0.05309735,C:\Users\jmckenna\dev-ai\chart_extract_v5\testing-stuff-main\artifacts\runs\f2b\fig2b\review.html
C:\Users\jmckenna\dev-ai\chart_extract_v5\testing-stuff-main\data\input\combined_03.pdf,fig2b,b,fig2b:b:co2-303k-bc2a4dd1,CO2 303K,33.12183908,kPa,2.30223451,mmol/g,circle,solid,#f21f26,false,high,254.08,218.13,assigned_by=color; source=auto,pt-26703ee888a63c74,src-27cfc69d2402e2ac,CO2,true,Legend entry '303K' under the blue CO2 legend heading; panel caption identifies panel B as CO2 isotherms.,co2_uptake,per gram of sorbent,visible_marker,,,,,,,,C:\Users\jmckenna\dev-ai\chart_extract_v5\testing-stuff-main\artifacts\runs\f2b\fig2b\review.html
C:\Users\jmckenna\dev-ai\chart_extract_v5\testing-stuff-main\data\input\combined_03.pdf,fig2b,b,fig2b:b:co2-303k-bc2a4dd1,CO2 303K,39.91494253,kPa,2.38188053,mmol/g,circle,solid,#f21f26,false,high,283.63,206.13,assigned_by=color; source=auto,pt-407ac00b4cf8bcee,src-d8326f8fb2d0bbba,CO2,true,Legend entry '303K' under the blue CO2 legend heading; panel caption identifies panel B as CO2 isotherms.,co2_uptake,per gram of sorbent,visible_marker,,,,,,,,C:\Users\jmckenna\dev-ai\chart_extract_v5\testing-stuff-main\artifacts\runs\f2b\fig2b\review.html
C:\Users\jmckenna\dev-ai\chart_extract_v5\testing-stuff-main\data\input\combined_03.pdf,fig2b,b,fig2b:b:co2-303k-bc2a4dd1,CO2 303K,66.64362525,kPa,2.61721026,mmol/g,circle,solid,#f21f26,false,high,399.60000000,170.62000000,assigned_by=color; source=auto,pt-459dd0b591adadbb,src-faf9d813e1b4d584,CO2,true,Legend entry '303K' under the legend heading 'CO2'; caption identifies panel B as CO2 isotherms from 303 to 373 K.,co2_uptake,per gram of sorbent,visible_marker,,,,,,,,C:\Users\jmckenna\dev-ai\chart_extract_v5\testing-stuff-main\artifacts\runs\combined_03\fig2b\review.html
C:\Users\jmckenna\dev-ai\chart_extract_v5\testing-stuff-main\data\input\combined_03.pdf,fig2b,b,fig2b:b:co2-303k-bc2a4dd1,CO2 303K,86.48505747,kPa,2.76212389,mmol/g,circle,solid,#f21f26,false,high,486.21,148.84,assigned_by=color; source=auto,pt-4a4d8194cff6a8c9,src-a23a7d42e95acf78,CO2,true,Legend entry '303K' under the blue CO2 legend heading; panel caption identifies panel B as CO2 isotherms.,co2_uptake,per gram of sorbent,visible_marker,,,,,,,,C:\Users\jmckenna\dev-ai\chart_extract_v5\testing-stuff-main\artifacts\runs\f2b\fig2b\review.html
C:\Users\jmckenna\dev-ai\chart_extract_v5\testing-stuff-main\data\input\combined_03.pdf,fig2b,b,fig2b:b:co2-303k-bc2a4dd1,CO2 303K,19.77011494,kPa,2.1039823,mmol/g,circle,solid,#f21f26,true,low,196,248,"evidence_kind=estimated; evidence_ref=panel.png; source_evidence=Red marker-bearing fused band in native ROI x=114-217 y=238-476 has marker-width ink and repeated bulges at the shared low-pressure columns; selected 4 non-origin instances versus competing count 3, with this source-based center (196.0,248.0) owned by the red circle series; overlap_flag=true; uncertainty_px=8; source=agent04",pt-4d578aa7634ab9aa,src-aa7a98ab4d6a37de,CO2,true,Legend entry '303K' under the blue CO2 legend heading; panel caption identifies panel B as CO2 isotherms.,co2_uptake,per gram of sorbent,estimated_marker,,,,,,1.83908046,0.05309735,C:\Users\jmckenna\dev-ai\chart_extract_v5\testing-stuff-main\artifacts\runs\f2b\fig2b\review.html
C:\Users\jmckenna\dev-ai\chart_extract_v5\testing-stuff-main\data\input\combined_03.pdf,fig2b,b,fig2b:b:co2-303k-bc2a4dd1,CO2 303K,59.94022989,kPa,2.56526549,mmol/g,circle,solid,#f21f26,false,high,370.74,178.5,assigned_by=color; source=auto,pt-4f2801fa97141932,src-4f14d96ee238a2cc,CO2,true,Legend entry '303K' under the blue CO2 legend heading; panel caption identifies panel B as CO2 isotherms.,co2_uptake,per gram of sorbent,visible_marker,,,,,,,,C:\Users\jmckenna\dev-ai\chart_extract_v5\testing-stuff-main\artifacts\runs\f2b\fig2b\review.html
C:\Users\jmckenna\dev-ai\chart_extract_v5\testing-stuff-main\data\input\combined_03.pdf,fig2b,b,fig2b:b:co2-303k-bc2a4dd1,CO2 303K,13.54067961,kPa,1.89810319,mmol/g,circle,solid,#f21f26,false,low,169.00000000,279.00000000,"overlap_flag=true; assigned_by=agent03_review_points; source=agent03_review_points; evidence_kind=partial_marker; uncertainty_px=7.0; evidence_ref=panel.png; source_evidence=panel.png native ROI x=161..177, y=271..287, red circle fragment follows the CO2 303K curve between the clear marker at (226,230) and the origin-side trace.",pt-534376509f2e8fb1,src-b749fdd813c98620,CO2,true,Legend entry '303K' under the legend heading 'CO2'; caption identifies panel B as CO2 isotherms from 303 to 373 K.,co2_uptake,per gram of sorbent,partially_visible_marker,,,,,,1.61200000,0.04640000,C:\Users\jmckenna\dev-ai\chart_extract_v5\testing-stuff-main\artifacts\runs\combined_03\fig2b\review.html
C:\Users\jmckenna\dev-ai\chart_extract_v5\testing-stuff-main\data\input\combined_03.pdf,fig2b,b,fig2b:b:co2-303k-bc2a4dd1,CO2 303K,80.02989684,kPa,2.71733321,mmol/g,circle,solid,#f21f26,false,high,457.73000000,155.53000000,assigned_by=color; source=auto,pt-573e477ac75ac04a,src-e7c454910ab69bb1,CO2,true,Legend entry '303K' under the legend heading 'CO2'; caption identifies panel B as CO2 isotherms from 303 to 373 K.,co2_uptake,per gram of sorbent,visible_marker,,,,,,,,C:\Users\jmckenna\dev-ai\chart_extract_v5\testing-stuff-main\artifacts\runs\combined_03\fig2b\review.html
C:\Users\jmckenna\dev-ai\chart_extract_v5\testing-stuff-main\data\input\combined_03.pdf,fig2b,b,fig2b:b:co2-303k-bc2a4dd1,CO2 303K,60.07369012,kPa,2.56565590,mmol/g,circle,solid,#f21f26,false,high,371.07000000,178.39000000,assigned_by=color; source=auto,pt-57dc187357ebd9c8,src-48f9c2eb23c7f59b,CO2,true,Legend entry '303K' under the legend heading 'CO2'; caption identifies panel B as CO2 isotherms from 303 to 373 K.,co2_uptake,per gram of sorbent,visible_marker,,,,,,,,C:\Users\jmckenna\dev-ai\chart_extract_v5\testing-stuff-main\artifacts\runs\combined_03\fig2b\review.html
C:\Users\jmckenna\dev-ai\chart_extract_v5\testing-stuff-main\data\input\combined_03.pdf,fig2b,b,fig2b:b:co2-303k-bc2a4dd1,CO2 303K,2.94772428,kPa,0.90284521,mmol/g,circle,solid,#f21f26,false,low,123.00000000,429.00000000,"overlap_flag=true; assigned_by=agent03_review_points; source=agent03_review_points; evidence_kind=partial_marker; uncertainty_px=7.0; evidence_ref=panel.png; source_evidence=panel.png native ROI x=115..131, y=421..437, red circle fragment follows the CO2 303K curve between the clear marker at (226,230) and the origin-side trace.",pt-5f051c07e397d59e,src-d2fe2f7618d9fe30,CO2,true,Legend entry '303K' under the legend heading 'CO2'; caption identifies panel B as CO2 isotherms from 303 to 373 K.,co2_uptake,per gram of sorbent,partially_visible_marker,,,,,,1.61200000,0.04640000,C:\Users\jmckenna\dev-ai\chart_extract_v5\testing-stuff-main\artifacts\runs\combined_03\fig2b\review.html
C:\Users\jmckenna\dev-ai\chart_extract_v5\testing-stuff-main\data\input\combined_03.pdf,fig2b,b,fig2b:b:co2-303k-bc2a4dd1,CO2 303K,113.80530463,kPa,2.92401512,mmol/g,circle,solid,#f21f26,false,high,604.40000000,124.38000000,assigned_by=color; source=auto,pt-6172d87853f133ab,src-b2b5176ba9ea69c6,CO2,true,Legend entry '303K' under the legend heading 'CO2'; caption identifies panel B as CO2 isotherms from 303 to 373 K.,co2_uptake,per gram of sorbent,visible_marker,,,,,,,,C:\Users\jmckenna\dev-ai\chart_extract_v5\testing-stuff-main\artifacts\runs\combined_03\fig2b\review.html
C:\Users\jmckenna\dev-ai\chart_extract_v5\testing-stuff-main\data\input\combined_03.pdf,fig2b,b,fig2b:b:co2-303k-bc2a4dd1,CO2 303K,13.56321839,kPa,1.95132743,mmol/g,circle,solid,#f21f26,true,low,169,271,"evidence_kind=estimated; evidence_ref=panel.png; source_evidence=Red marker-bearing fused band in native ROI x=114-217 y=238-476 has marker-width ink and repeated bulges at the shared low-pressure columns; selected 4 non-origin instances versus competing count 3, with this source-based center (169.0,271.0) owned by the red circle series; overlap_flag=true; uncertainty_px=8; source=agent04",pt-6d1e1ada1f031b01,src-e30054566664d15a,CO2,true,Legend entry '303K' under the blue CO2 legend heading; panel caption identifies panel B as CO2 isotherms.,co2_uptake,per gram of sorbent,estimated_marker,,,,,,1.83908046,0.05309735,C:\Users\jmckenna\dev-ai\chart_extract_v5\testing-stuff-main\artifacts\runs\f2b\fig2b\review.html
C:\Users\jmckenna\dev-ai\chart_extract_v5\testing-stuff-main\data\input\combined_03.pdf,fig2b,b,fig2b:b:co2-303k-bc2a4dd1,CO2 303K,93.31954023,kPa,2.80772124,mmol/g,circle,solid,#f21f26,false,high,515.94,141.97,assigned_by=color; source=auto,pt-6ee541ff5f498522,src-24bba766c1af7c55,CO2,true,Legend entry '303K' under the blue CO2 legend heading; panel caption identifies panel B as CO2 isotherms.,co2_uptake,per gram of sorbent,visible_marker,,,,,,,,C:\Users\jmckenna\dev-ai\chart_extract_v5\testing-stuff-main\artifacts\runs\f2b\fig2b\review.html
C:\Users\jmckenna\dev-ai\chart_extract_v5\testing-stuff-main\data\input\combined_03.pdf,fig2b,b,fig2b:b:co2-303k-bc2a4dd1,CO2 303K,86.53995874,kPa,2.76066011,mmol/g,circle,solid,#f21f26,false,high,486.00000000,149.00000000,assigned_by=color; source=auto,pt-6fa22776e3d29c86,src-23d63c10af7c06ff,CO2,true,Legend entry '303K' under the legend heading 'CO2'; caption identifies panel B as CO2 isotherms from 303 to 373 K.,co2_uptake,per gram of sorbent,visible_marker,,,,,,,,C:\Users\jmckenna\dev-ai\chart_extract_v5\testing-stuff-main\artifacts\runs\combined_03\fig2b\review.html
C:\Users\jmckenna\dev-ai\chart_extract_v5\testing-stuff-main\data\input\combined_03.pdf,fig2b,b,fig2b:b:co2-303k-bc2a4dd1,CO2 303K,101.08505747,kPa,2.86154867,mmol/g,circle,solid,#f21f26,false,high,549.72,133.86,assigned_by=color; source=auto,pt-73109fea1a4fed37,src-cb51b71d575f1e4e,CO2,true,Legend entry '303K' under the blue CO2 legend heading; panel caption identifies panel B as CO2 isotherms.,co2_uptake,per gram of sorbent,visible_marker,,,,,,,,C:\Users\jmckenna\dev-ai\chart_extract_v5\testing-stuff-main\artifacts\runs\f2b\fig2b\review.html
C:\Users\jmckenna\dev-ai\chart_extract_v5\testing-stuff-main\data\input\combined_03.pdf,fig2b,b,fig2b:b:co2-303k-bc2a4dd1,CO2 303K,39.93325810,kPa,2.38173222,mmol/g,circle,solid,#f21f26,false,high,283.61000000,206.11000000,assigned_by=color; source=auto,pt-74dbfdfe62195e0a,src-5ac08e98ae46e131,CO2,true,Legend entry '303K' under the legend heading 'CO2'; caption identifies panel B as CO2 isotherms from 303 to 373 K.,co2_uptake,per gram of sorbent,visible_marker,,,,,,,,C:\Users\jmckenna\dev-ai\chart_extract_v5\testing-stuff-main\artifacts\runs\combined_03\fig2b\review.html
C:\Users\jmckenna\dev-ai\chart_extract_v5\testing-stuff-main\data\input\combined_03.pdf,fig2b,b,fig2b:b:co2-303k-bc2a4dd1,CO2 303K,113.57701149,kPa,2.9254646,mmol/g,circle,solid,#f21f26,false,high,604.06,124.23,assigned_by=color; source=auto,pt-776bda61358a97b0,src-c140e7b3044779dc,CO2,true,Legend entry '303K' under the blue CO2 legend heading; panel caption identifies panel B as CO2 isotherms.,co2_uptake,per gram of sorbent,visible_marker,,,,,,,,C:\Users\jmckenna\dev-ai\chart_extract_v5\testing-stuff-main\artifacts\runs\f2b\fig2b\review.html
C:\Users\jmckenna\dev-ai\chart_extract_v5\testing-stuff-main\data\input\combined_03.pdf,fig2b,b,fig2b:b:co2-303k-bc2a4dd1,CO2 303K,53.31954023,kPa,2.50904867,mmol/g,circle,solid,#f21f26,false,high,341.94,186.97,assigned_by=color; source=auto,pt-7886d9e6a7e29460,src-a050b2e12c7fc5c2,CO2,true,Legend entry '303K' under the blue CO2 legend heading; panel caption identifies panel B as CO2 isotherms.,co2_uptake,per gram of sorbent,visible_marker,,,,,,,,C:\Users\jmckenna\dev-ai\chart_extract_v5\testing-stuff-main\artifacts\runs\f2b\fig2b\review.html
C:\Users\jmckenna\dev-ai\chart_extract_v5\testing-stuff-main\data\input\combined_03.pdf,fig2b,b,fig2b:b:co2-303k-bc2a4dd1,CO2 303K,66.65057471,kPa,2.61816372,mmol/g,circle,solid,#f21f26,false,high,399.93,170.53,assigned_by=color; source=auto,pt-7a72d66a3422c54f,src-5afd7b0a736b368d,CO2,true,Legend entry '303K' under the blue CO2 legend heading; panel caption identifies panel B as CO2 isotherms.,co2_uptake,per gram of sorbent,visible_marker,,,,,,,,C:\Users\jmckenna\dev-ai\chart_extract_v5\testing-stuff-main\artifacts\runs\f2b\fig2b\review.html
C:\Users\jmckenna\dev-ai\chart_extract_v5\testing-stuff-main\data\input\combined_03.pdf,fig2b,b,fig2b:b:co2-303k-bc2a4dd1,CO2 303K,46.67356322,kPa,2.44725664,mmol/g,circle,solid,#f21f26,false,high,313.03,196.28,assigned_by=color; source=auto,pt-8892dcf02b23b1d1,src-d983ce708e043917,CO2,true,Legend entry '303K' under the blue CO2 legend heading; panel caption identifies panel B as CO2 isotherms.,co2_uptake,per gram of sorbent,visible_marker,,,,,,,,C:\Users\jmckenna\dev-ai\chart_extract_v5\testing-stuff-main\artifacts\runs\f2b\fig2b\review.html
C:\Users\jmckenna\dev-ai\chart_extract_v5\testing-stuff-main\data\input\combined_03.pdf,fig2b,b,fig2b:b:co2-303k-bc2a4dd1,CO2 303K,19.98856546,kPa,2.09715479,mmol/g,circle,solid,#f21f26,false,low,197.00000000,249.00000000,"overlap_flag=true; assigned_by=agent03_review_points; source=agent03_review_points; evidence_kind=partial_marker; uncertainty_px=6.0; evidence_ref=panel.png; source_evidence=panel.png native ROI x=189..205, y=241..257, red circle fragment follows the CO2 303K curve between the clear marker at (226,230) and the origin-side trace.",pt-8ea7a7819f64cda3,src-77e1a0dec7839747,CO2,true,Legend entry '303K' under the legend heading 'CO2'; caption identifies panel B as CO2 isotherms from 303 to 373 K.,co2_uptake,per gram of sorbent,partially_visible_marker,,,,,,1.38170000,0.03980000,C:\Users\jmckenna\dev-ai\chart_extract_v5\testing-stuff-main\artifacts\runs\combined_03\fig2b\review.html
C:\Users\jmckenna\dev-ai\chart_extract_v5\testing-stuff-main\data\input\combined_03.pdf,fig2b,b,fig2b:b:co2-303k-bc2a4dd1,CO2 303K,0.00000000,kPa,0.00000000,mmol/g,circle,solid,#f21f26,true,low,110.19948187,565.07203791,"source=agent04; evidence_kind=estimated; evidence_ref=panel.png; source_evidence=all six eligible CO2 series visibly converge into the calibrated in-frame linear-axis origin, but individual first glyphs are unresolved in the shared crowded ink; shared-origin assumption only; uncertainty_px=6.0; origin_estimate=true; overlap_flag=true",pt-a04-origin-303k,src-a04-origin-303k,CO2,true,Legend entry '303K' under the legend heading 'CO2'; caption identifies panel B as CO2 isotherms from 303 to 373 K.,co2_uptake,per gram of sorbent,estimated_marker,,,,,,1.38168983,0.03981032,C:\Users\jmckenna\dev-ai\chart_extract_v5\testing-stuff-main\artifacts\runs\combined_03\fig2b\review.html
C:\Users\jmckenna\dev-ai\chart_extract_v5\testing-stuff-main\data\input\combined_03.pdf,fig2b,b,fig2b:b:co2-303k-bc2a4dd1,CO2 303K,99.77885008,kPa,2.84313382,mmol/g,circle,solid,#f21f26,false,low,543.49000000,136.57000000,"source=agent04; evidence_kind=partial_marker; evidence_ref=panel.png; source_evidence=native overlap ROI x=536..561 contains two fused circle glyph lobes for CO2 303K; the left-hand fill maximum and outer contour localize this distinct center at (543.49,136.57), with the one-glyph explanation contradicted by the repeated two-lobe geometry across all six series; uncertainty_px=2.0; overlap_flag=true",pt-a04-overlap-303k-left,src-a04-overlap-303k-left,CO2,true,Legend entry '303K' under the legend heading 'CO2'; caption identifies panel B as CO2 isotherms from 303 to 373 K.,co2_uptake,per gram of sorbent,partially_visible_marker,,,,,,0.46056328,0.01327011,C:\Users\jmckenna\dev-ai\chart_extract_v5\testing-stuff-main\artifacts\runs\combined_03\fig2b\review.html
C:\Users\jmckenna\dev-ai\chart_extract_v5\testing-stuff-main\data\input\combined_03.pdf,fig2b,b,fig2b:b:co2-303k-bc2a4dd1,CO2 303K,73.26206897,kPa,2.67039823,mmol/g,circle,solid,#f21f26,false,high,428.69,162.66,assigned_by=color; source=auto,pt-ab5756b77485d1b2,src-31572a97f20655bb,CO2,true,Legend entry '303K' under the blue CO2 legend heading; panel caption identifies panel B as CO2 isotherms.,co2_uptake,per gram of sorbent,visible_marker,,,,,,,,C:\Users\jmckenna\dev-ai\chart_extract_v5\testing-stuff-main\artifacts\runs\f2b\fig2b\review.html
C:\Users\jmckenna\dev-ai\chart_extract_v5\testing-stuff-main\data\input\combined_03.pdf,fig2b,b,fig2b:b:co2-303k-bc2a4dd1,CO2 303K,2.75862069,kPa,0.96902655,mmol/g,circle,solid,#f21f26,true,low,122,419,"evidence_kind=estimated; evidence_ref=panel.png; source_evidence=Red marker-bearing fused band in native ROI x=114-217 y=238-476 has marker-width ink and repeated bulges at the shared low-pressure columns; selected 4 non-origin instances versus competing count 3, with this source-based center (122.0,419.0) owned by the red circle series; overlap_flag=true; uncertainty_px=8; source=agent04",pt-b04b40e976183801,src-1e137cf9922ef70c,CO2,true,Legend entry '303K' under the blue CO2 legend heading; panel caption identifies panel B as CO2 isotherms.,co2_uptake,per gram of sorbent,estimated_marker,,,,,,1.83908046,0.05309735,C:\Users\jmckenna\dev-ai\chart_extract_v5\testing-stuff-main\artifacts\runs\f2b\fig2b\review.html
C:\Users\jmckenna\dev-ai\chart_extract_v5\testing-stuff-main\data\input\combined_03.pdf,fig2b,b,fig2b:b:co2-303k-bc2a4dd1,CO2 303K,93.36780929,kPa,2.80770264,mmol/g,circle,solid,#f21f26,false,high,515.65000000,141.91000000,assigned_by=color; source=auto,pt-b6eb6848ac3f49c0,src-44f5c174cf632a34,CO2,true,Legend entry '303K' under the legend heading 'CO2'; caption identifies panel B as CO2 isotherms from 303 to 373 K.,co2_uptake,per gram of sorbent,visible_marker,,,,,,,,C:\Users\jmckenna\dev-ai\chart_extract_v5\testing-stuff-main\artifacts\runs\combined_03\fig2b\review.html
C:\Users\jmckenna\dev-ai\chart_extract_v5\testing-stuff-main\data\input\combined_03.pdf,fig2b,b,fig2b:b:co2-303k-bc2a4dd1,CO2 303K,46.70123543,kPa,2.44881261,mmol/g,circle,solid,#f21f26,false,high,313.00000000,196.00000000,assigned_by=color; source=auto,pt-c1181af2094627f8,src-0dc930ebbd695441,CO2,true,Legend entry '303K' under the legend heading 'CO2'; caption identifies panel B as CO2 isotherms from 303 to 373 K.,co2_uptake,per gram of sorbent,visible_marker,,,,,,,,C:\Users\jmckenna\dev-ai\chart_extract_v5\testing-stuff-main\artifacts\runs\combined_03\fig2b\review.html
C:\Users\jmckenna\dev-ai\chart_extract_v5\testing-stuff-main\data\input\combined_03.pdf,fig2b,b,fig2b:b:co2-303k-bc2a4dd1,CO2 303K,73.42772229,kPa,2.66922908,mmol/g,circle,solid,#f21f26,false,high,429.06000000,162.78000000,assigned_by=color; source=auto,pt-c992763d74149022,src-f856035126d6bae4,CO2,true,Legend entry '303K' under the legend heading 'CO2'; caption identifies panel B as CO2 isotherms from 303 to 373 K.,co2_uptake,per gram of sorbent,visible_marker,,,,,,,,C:\Users\jmckenna\dev-ai\chart_extract_v5\testing-stuff-main\artifacts\runs\combined_03\fig2b\review.html
C:\Users\jmckenna\dev-ai\chart_extract_v5\testing-stuff-main\data\input\combined_03.pdf,fig2b,b,fig2b:b:co2-303k-bc2a4dd1,CO2 303K,53.37940292,kPa,2.50700203,mmol/g,circle,solid,#f21f26,false,high,342.00000000,187.23000000,assigned_by=color; source=auto,pt-c9d137a9c1703979,src-17169dcf59351f8e,CO2,true,Legend entry '303K' under the legend heading 'CO2'; caption identifies panel B as CO2 isotherms from 303 to 373 K.,co2_uptake,per gram of sorbent,visible_marker,,,,,,,,C:\Users\jmckenna\dev-ai\chart_extract_v5\testing-stuff-main\artifacts\runs\combined_03\fig2b\review.html
C:\Users\jmckenna\dev-ai\chart_extract_v5\testing-stuff-main\data\input\combined_03.pdf,fig2b,b,fig2b:b:co2-303k-bc2a4dd1,CO2 303K,7.55335703,kPa,1.55308043,mmol/g,circle,solid,#f21f26,false,low,143.00000000,331.00000000,"overlap_flag=true; assigned_by=agent03_review_points; source=agent03_review_points; evidence_kind=partial_marker; uncertainty_px=8.0; evidence_ref=panel.png; source_evidence=panel.png native ROI x=135..151, y=323..339, red circle fragment follows the CO2 303K curve between the clear marker at (226,230) and the origin-side trace.",pt-cc42f775d265fbe2,src-0627d602c189b77d,CO2,true,Legend entry '303K' under the legend heading 'CO2'; caption identifies panel B as CO2 isotherms from 303 to 373 K.,co2_uptake,per gram of sorbent,partially_visible_marker,,,,,,1.84230000,0.05310000,C:\Users\jmckenna\dev-ai\chart_extract_v5\testing-stuff-main\artifacts\runs\combined_03\fig2b\review.html
C:\Users\jmckenna\dev-ai\chart_extract_v5\testing-stuff-main\data\input\combined_03.pdf,fig2b,b,fig2b:b:co2-303k-bc2a4dd1,CO2 303K,33.17679485,kPa,2.30304049,mmol/g,circle,solid,#f21f26,false,high,254.27000000,217.97000000,assigned_by=color; source=auto,pt-d14441446b876883,src-fcc3d3420cde62b4,CO2,true,Legend entry '303K' under the legend heading 'CO2'; caption identifies panel B as CO2 isotherms from 303 to 373 K.,co2_uptake,per gram of sorbent,visible_marker,,,,,,,,C:\Users\jmckenna\dev-ai\chart_extract_v5\testing-stuff-main\artifacts\runs\combined_03\fig2b\review.html
C:\Users\jmckenna\dev-ai\chart_extract_v5\testing-stuff-main\data\input\combined_03.pdf,fig2b,b,fig2b:b:co2-303k-bc2a4dd1,CO2 303K,106.89915832,kPa,2.88752233,mmol/g,circle,solid,#f21f26,false,high,574.41000000,129.88000000,assigned_by=color; source=auto,pt-d17fb0ac7a3b7051,src-74555b12785e0022,CO2,true,Legend entry '303K' under the legend heading 'CO2'; caption identifies panel B as CO2 isotherms from 303 to 373 K.,co2_uptake,per gram of sorbent,visible_marker,,,,,,,,C:\Users\jmckenna\dev-ai\chart_extract_v5\testing-stuff-main\artifacts\runs\combined_03\fig2b\review.html
C:\Users\jmckenna\dev-ai\chart_extract_v5\testing-stuff-main\data\input\combined_03.pdf,fig2b,b,fig2b:b:co2-303k-bc2a4dd1,CO2 303K,101.66485670,kPa,2.86748447,mmol/g,circle,solid,#f21f26,false,low,551.68000000,132.90000000,"source=agent04; evidence_kind=partial_marker; evidence_ref=panel.png; source_evidence=native overlap ROI x=536..561 shows two fused CO2 303K glyph lobes; this is the right-hand center at (551.68,132.90), separated from the left lobe by its own fill maximum and outer contour; uncertainty_px=2.0; overlap_flag=true",pt-fde04bc3aea020d9,src-3dc4390ad0ed3050,CO2,true,Legend entry '303K' under the legend heading 'CO2'; caption identifies panel B as CO2 isotherms from 303 to 373 K.,co2_uptake,per gram of sorbent,partially_visible_marker,,,,,,0.46056328,0.01327011,C:\Users\jmckenna\dev-ai\chart_extract_v5\testing-stuff-main\artifacts\runs\combined_03\fig2b\review.html
C:\Users\jmckenna\dev-ai\chart_extract_v5\testing-stuff-main\data\input\combined_03.pdf,fig2b,b,fig2b:b:co2-313k-21d87380,CO2 313K,113.82833279,kPa,2.65118173,mmol/g,square,solid,#fbac19,false,high,604.50000000,165.50000000,assigned_by=color; source=auto,pt-01e81e15444a0964,src-823f4e8df8e28fb6,CO2,true,Legend entry '313K' under the legend heading 'CO2'; caption identifies panel B as CO2 isotherms from 303 to 373 K.,co2_uptake,per gram of sorbent,visible_marker,,,,,,,,C:\Users\jmckenna\dev-ai\chart_extract_v5\testing-stuff-main\artifacts\runs\combined_03\fig2b\review.html
C:\Users\jmckenna\dev-ai\chart_extract_v5\testing-stuff-main\data\input\combined_03.pdf,fig2b,b,fig2b:b:co2-313k-21d87380,CO2 313K,79.99765741,kPa,2.47594998,mmol/g,square,solid,#fbac19,false,high,457.59000000,191.91000000,assigned_by=color; source=auto,pt-077dcfad1de50808,src-cfb550a158bee064,CO2,true,Legend entry '313K' under the legend heading 'CO2'; caption identifies panel B as CO2 isotherms from 303 to 373 K.,co2_uptake,per gram of sorbent,visible_marker,,,,,,,,C:\Users\jmckenna\dev-ai\chart_extract_v5\testing-stuff-main\artifacts\runs\combined_03\fig2b\review.html
C:\Users\jmckenna\dev-ai\chart_extract_v5\testing-stuff-main\data\input\combined_03.pdf,fig2b,b,fig2b:b:co2-313k-21d87380,CO2 313K,101.1862069,kPa,2.59420354,mmol/g,square,solid,#f5ab1e,false,high,550.16,174.14,assigned_by=color; source=auto,pt-096fd4d4a8ff26e2,src-ba13c5da6b4a24c6,CO2,true,Legend entry '313K' under the blue CO2 legend heading; panel caption identifies panel B as CO2 isotherms.,co2_uptake,per gram of sorbent,visible_marker,,,,,,,,C:\Users\jmckenna\dev-ai\chart_extract_v5\testing-stuff-main\artifacts\runs\f2b\fig2b\review.html
C:\Users\jmckenna\dev-ai\chart_extract_v5\testing-stuff-main\data\input\combined_03.pdf,fig2b,b,fig2b:b:co2-313k-21d87380,CO2 313K,79.97471264,kPa,2.47646018,mmol/g,square,solid,#f5ab1e,false,high,457.89,191.88,assigned_by=color; source=auto,pt-0f2ba0cbc8e3f35e,src-2eae9a0632a5ccc8,CO2,true,Legend entry '313K' under the blue CO2 legend heading; panel caption identifies panel B as CO2 isotherms.,co2_uptake,per gram of sorbent,visible_marker,,,,,,,,C:\Users\jmckenna\dev-ai\chart_extract_v5\testing-stuff-main\artifacts\runs\f2b\fig2b\review.html
C:\Users\jmckenna\dev-ai\chart_extract_v5\testing-stuff-main\data\input\combined_03.pdf,fig2b,b,fig2b:b:co2-313k-21d87380,CO2 313K,19.79512889,kPa,1.92132588,mmol/g,square,solid,#fbac19,false,medium,196.16000000,275.50000000,assigned_by=color; source=auto,pt-146b5c608816bbf1,src-9e8f202e72daf442,CO2,true,Legend entry '313K' under the legend heading 'CO2'; caption identifies panel B as CO2 isotherms from 303 to 373 K.,co2_uptake,per gram of sorbent,visible_marker,,,,,,,,C:\Users\jmckenna\dev-ai\chart_extract_v5\testing-stuff-main\artifacts\runs\combined_03\fig2b\review.html
C:\Users\jmckenna\dev-ai\chart_extract_v5\testing-stuff-main\data\input\combined_03.pdf,fig2b,b,fig2b:b:co2-313k-21d87380,CO2 313K,59.85287356,kPa,2.35420354,mmol/g,square,solid,#f5ab1e,false,high,370.36,210.3,assigned_by=color; source=auto,pt-14b80c97c5f5751d,src-188e63f2b42c08e6,CO2,true,Legend entry '313K' under the blue CO2 legend heading; panel caption identifies panel B as CO2 isotherms.,co2_uptake,per gram of sorbent,visible_marker,,,,,,,,C:\Users\jmckenna\dev-ai\chart_extract_v5\testing-stuff-main\artifacts\runs\f2b\fig2b\review.html
C:\Users\jmckenna\dev-ai\chart_extract_v5\testing-stuff-main\data\input\combined_03.pdf,fig2b,b,fig2b:b:co2-313k-21d87380,CO2 313K,53.1862069,kPa,2.30774336,mmol/g,square,solid,#f5ab1e,false,high,341.36,217.3,assigned_by=color; source=auto,pt-35634d3ef28968c2,src-a83a0c7850e4fb38,CO2,true,Legend entry '313K' under the blue CO2 legend heading; panel caption identifies panel B as CO2 isotherms.,co2_uptake,per gram of sorbent,visible_marker,,,,,,,,C:\Users\jmckenna\dev-ai\chart_extract_v5\testing-stuff-main\artifacts\runs\f2b\fig2b\review.html
C:\Users\jmckenna\dev-ai\chart_extract_v5\testing-stuff-main\data\input\combined_03.pdf,fig2b,b,fig2b:b:co2-313k-21d87380,CO2 313K,66.63901961,kPa,2.39845255,mmol/g,square,solid,#fbac19,false,high,399.58000000,203.59000000,assigned_by=color; source=auto,pt-432b62c102d2aac3,src-bbf713a5d7113de9,CO2,true,Legend entry '313K' under the legend heading 'CO2'; caption identifies panel B as CO2 isotherms from 303 to 373 K.,co2_uptake,per gram of sorbent,visible_marker,,,,,,,,C:\Users\jmckenna\dev-ai\chart_extract_v5\testing-stuff-main\artifacts\runs\combined_03\fig2b\review.html
C:\Users\jmckenna\dev-ai\chart_extract_v5\testing-stuff-main\data\input\combined_03.pdf,fig2b,b,fig2b:b:co2-313k-21d87380,CO2 313K,73.33333333,kPa,2.43584071,mmol/g,square,solid,#f5ab1e,false,high,429,198,assigned_by=color; source=auto,pt-51806ffc85413e1f,src-cc6e66fdbeff942a,CO2,true,Legend entry '313K' under the blue CO2 legend heading; panel caption identifies panel B as CO2 isotherms.,co2_uptake,per gram of sorbent,visible_marker,,,,,,,,C:\Users\jmckenna\dev-ai\chart_extract_v5\testing-stuff-main\artifacts\runs\f2b\fig2b\review.html
C:\Users\jmckenna\dev-ai\chart_extract_v5\testing-stuff-main\data\input\combined_03.pdf,fig2b,b,fig2b:b:co2-313k-21d87380,CO2 313K,93.2183908,kPa,2.55199115,mmol/g,square,solid,#f5ab1e,false,high,515.5,180.5,assigned_by=color; source=auto,pt-518e260b3c9d9aa3,src-9da3b3b2c189a01a,CO2,true,Legend entry '313K' under the blue CO2 legend heading; panel caption identifies panel B as CO2 isotherms.,co2_uptake,per gram of sorbent,visible_marker,,,,,,,,C:\Users\jmckenna\dev-ai\chart_extract_v5\testing-stuff-main\artifacts\runs\f2b\fig2b\review.html
C:\Users\jmckenna\dev-ai\chart_extract_v5\testing-stuff-main\data\input\combined_03.pdf,fig2b,b,fig2b:b:co2-313k-21d87380,CO2 313K,27.01149425,kPa,2.04756637,mmol/g,square,solid,#f5ab1e,false,high,227.5,256.5,assigned_by=color; source=auto,pt-5979f2389bbf604a,src-593c68546012efbe,CO2,true,Legend entry '313K' under the blue CO2 legend heading; panel caption identifies panel B as CO2 isotherms.,co2_uptake,per gram of sorbent,visible_marker,,,,,,,,C:\Users\jmckenna\dev-ai\chart_extract_v5\testing-stuff-main\artifacts\runs\f2b\fig2b\review.html
C:\Users\jmckenna\dev-ai\chart_extract_v5\testing-stuff-main\data\input\combined_03.pdf,fig2b,b,fig2b:b:co2-313k-21d87380,CO2 313K,40.11978622,kPa,2.19940096,mmol/g,square,solid,#fbac19,false,high,284.42000000,233.59000000,assigned_by=color; source=auto,pt-5e630d0ea1f05295,src-8d1869610e90a5ba,CO2,true,Legend entry '313K' under the legend heading 'CO2'; caption identifies panel B as CO2 isotherms from 303 to 373 K.,co2_uptake,per gram of sorbent,visible_marker,,,,,,,,C:\Users\jmckenna\dev-ai\chart_extract_v5\testing-stuff-main\artifacts\runs\combined_03\fig2b\review.html
C:\Users\jmckenna\dev-ai\chart_extract_v5\testing-stuff-main\data\input\combined_03.pdf,fig2b,b,fig2b:b:co2-313k-21d87380,CO2 313K,13.56321839,kPa,1.73893805,mmol/g,square,solid,#f5ab1e,false,high,169,303,assigned_by=color; source=auto,pt-6310a815e331590c,src-2c72cd74701faec8,CO2,true,Legend entry '313K' under the blue CO2 legend heading; panel caption identifies panel B as CO2 isotherms.,co2_uptake,per gram of sorbent,visible_marker,,,,,,,,C:\Users\jmckenna\dev-ai\chart_extract_v5\testing-stuff-main\artifacts\runs\f2b\fig2b\review.html
C:\Users\jmckenna\dev-ai\chart_extract_v5\testing-stuff-main\data\input\combined_03.pdf,fig2b,b,fig2b:b:co2-313k-21d87380,CO2 313K,86.55172414,kPa,2.51548673,mmol/g,square,solid,#f5ab1e,false,high,486.5,186,assigned_by=color; source=auto,pt-71f4293ffdc11a27,src-4a61802df2e70d85,CO2,true,Legend entry '313K' under the blue CO2 legend heading; panel caption identifies panel B as CO2 isotherms.,co2_uptake,per gram of sorbent,visible_marker,,,,,,,,C:\Users\jmckenna\dev-ai\chart_extract_v5\testing-stuff-main\artifacts\runs\f2b\fig2b\review.html
C:\Users\jmckenna\dev-ai\chart_extract_v5\testing-stuff-main\data\input\combined_03.pdf,fig2b,b,fig2b:b:co2-313k-21d87380,CO2 313K,93.44840786,kPa,2.55165593,mmol/g,square,solid,#fbac19,false,high,516.00000000,180.50000000,assigned_by=color; source=auto,pt-7d135b8fb88e8572,src-e883fc057f717527,CO2,true,Legend entry '313K' under the legend heading 'CO2'; caption identifies panel B as CO2 isotherms from 303 to 373 K.,co2_uptake,per gram of sorbent,visible_marker,,,,,,,,C:\Users\jmckenna\dev-ai\chart_extract_v5\testing-stuff-main\artifacts\runs\combined_03\fig2b\review.html
C:\Users\jmckenna\dev-ai\chart_extract_v5\testing-stuff-main\data\input\combined_03.pdf,fig2b,b,fig2b:b:co2-313k-21d87380,CO2 313K,86.59752915,kPa,2.51496409,mmol/g,square,solid,#fbac19,false,high,486.25000000,186.03000000,assigned_by=color; source=auto,pt-8511cc60e1d8c0c2,src-a1ed1623072446d0,CO2,true,Legend entry '313K' under the legend heading 'CO2'; caption identifies panel B as CO2 isotherms from 303 to 373 K.,co2_uptake,per gram of sorbent,visible_marker,,,,,,,,C:\Users\jmckenna\dev-ai\chart_extract_v5\testing-stuff-main\artifacts\runs\combined_03\fig2b\review.html
C:\Users\jmckenna\dev-ai\chart_extract_v5\testing-stuff-main\data\input\combined_03.pdf,fig2b,b,fig2b:b:co2-313k-21d87380,CO2 313K,7.28392751,kPa,1.37964013,mmol/g,square,solid,#fbac19,false,high,141.83000000,357.14000000,assigned_by=color; source=auto,pt-85a25e47bf9f9a23,src-1621142df95e55c2,CO2,true,Legend entry '313K' under the legend heading 'CO2'; caption identifies panel B as CO2 isotherms from 303 to 373 K.,co2_uptake,per gram of sorbent,visible_marker,,,,,,,,C:\Users\jmckenna\dev-ai\chart_extract_v5\testing-stuff-main\artifacts\runs\combined_03\fig2b\review.html
C:\Users\jmckenna\dev-ai\chart_extract_v5\testing-stuff-main\data\input\combined_03.pdf,fig2b,b,fig2b:b:co2-313k-21d87380,CO2 313K,106.80474285,kPa,2.61800647,mmol/g,square,solid,#fbac19,false,high,574.00000000,170.50000000,assigned_by=color; source=auto,pt-92e692220caf9407,src-08b0937672d63d61,CO2,true,Legend entry '313K' under the legend heading 'CO2'; caption identifies panel B as CO2 isotherms from 303 to 373 K.,co2_uptake,per gram of sorbent,visible_marker,,,,,,,,C:\Users\jmckenna\dev-ai\chart_extract_v5\testing-stuff-main\artifacts\runs\combined_03\fig2b\review.html
C:\Users\jmckenna\dev-ai\chart_extract_v5\testing-stuff-main\data\input\combined_03.pdf,fig2b,b,fig2b:b:co2-313k-21d87380,CO2 313K,0,kPa,0,mmol/g,square,solid,#f5ab1e,true,low,110,565,"evidence_kind=estimated; evidence_ref=panel.png; source_evidence=Native ROI x=104-117 y=553-570 shows all six eligible colored/black series converging at the calibrated in-frame linear (0,0) origin, but individual first glyphs are unresolved; shared-origin assumption used; origin_estimate=true; overlap_flag=true; uncertainty_px=10; source=agent04",pt-973aabb072d3a197,src-6f3352fc6580e12d,CO2,true,Legend entry '313K' under the blue CO2 legend heading; panel caption identifies panel B as CO2 isotherms.,co2_uptake,per gram of sorbent,estimated_marker,,,,,,2.29885057,0.06637168,C:\Users\jmckenna\dev-ai\chart_extract_v5\testing-stuff-main\artifacts\runs\f2b\fig2b\review.html
C:\Users\jmckenna\dev-ai\chart_extract_v5\testing-stuff-main\data\input\combined_03.pdf,fig2b,b,fig2b:b:co2-313k-21d87380,CO2 313K,66.55172414,kPa,2.39933628,mmol/g,square,solid,#f5ab1e,false,high,399.5,203.5,assigned_by=color; source=auto,pt-984418e023b7daab,src-85a9ef5fc8e563a6,CO2,true,Legend entry '313K' under the blue CO2 legend heading; panel caption identifies panel B as CO2 isotherms.,co2_uptake,per gram of sorbent,visible_marker,,,,,,,,C:\Users\jmckenna\dev-ai\chart_extract_v5\testing-stuff-main\artifacts\runs\f2b\fig2b\review.html
C:\Users\jmckenna\dev-ai\chart_extract_v5\testing-stuff-main\data\input\combined_03.pdf,fig2b,b,fig2b:b:co2-313k-21d87380,CO2 313K,0.00000000,kPa,0.00000000,mmol/g,square,solid,#fbac19,true,low,110.19948187,565.07203791,"source=agent04; evidence_kind=estimated; evidence_ref=panel.png; source_evidence=all six eligible CO2 series visibly converge into the calibrated in-frame linear-axis origin, but individual first glyphs are unresolved in the shared crowded ink; shared-origin assumption only; uncertainty_px=6.0; origin_estimate=true; overlap_flag=true",pt-a04-origin-313k,src-a04-origin-313k,CO2,true,Legend entry '313K' under the legend heading 'CO2'; caption identifies panel B as CO2 isotherms from 303 to 373 K.,co2_uptake,per gram of sorbent,estimated_marker,,,,,,1.38168983,0.03981032,C:\Users\jmckenna\dev-ai\chart_extract_v5\testing-stuff-main\artifacts\runs\combined_03\fig2b\review.html
C:\Users\jmckenna\dev-ai\chart_extract_v5\testing-stuff-main\data\input\combined_03.pdf,fig2b,b,fig2b:b:co2-313k-21d87380,CO2 313K,99.62916702,kPa,2.58755157,mmol/g,square,solid,#fbac19,false,low,542.84000000,175.09000000,"source=agent04; evidence_kind=partial_marker; evidence_ref=panel.png; source_evidence=native overlap ROI x=536..561 contains two fused square glyph lobes for CO2 313K; the left-hand fill maximum and outer contour localize this distinct center at (542.84,175.09), with the one-glyph explanation contradicted by the repeated two-lobe geometry across all six series; uncertainty_px=2.0; overlap_flag=true",pt-a04-overlap-313k-left,src-a04-overlap-313k-left,CO2,true,Legend entry '313K' under the legend heading 'CO2'; caption identifies panel B as CO2 isotherms from 303 to 373 K.,co2_uptake,per gram of sorbent,partially_visible_marker,,,,,,0.46056328,0.01327011,C:\Users\jmckenna\dev-ai\chart_extract_v5\testing-stuff-main\artifacts\runs\combined_03\fig2b\review.html
C:\Users\jmckenna\dev-ai\chart_extract_v5\testing-stuff-main\data\input\combined_03.pdf,fig2b,b,fig2b:b:co2-313k-21d87380,CO2 313K,19.77011494,kPa,1.91814159,mmol/g,square,solid,#f5ab1e,false,high,196,276,assigned_by=color; source=auto,pt-a1114f1d1b55f754,src-c165c28b040bd60a,CO2,true,Legend entry '313K' under the blue CO2 legend heading; panel caption identifies panel B as CO2 isotherms.,co2_uptake,per gram of sorbent,visible_marker,,,,,,,,C:\Users\jmckenna\dev-ai\chart_extract_v5\testing-stuff-main\artifacts\runs\f2b\fig2b\review.html
C:\Users\jmckenna\dev-ai\chart_extract_v5\testing-stuff-main\data\input\combined_03.pdf,fig2b,b,fig2b:b:co2-313k-21d87380,CO2 313K,26.99373288,kPa,2.04798904,mmol/g,square,solid,#fbac19,false,high,227.42000000,256.41000000,assigned_by=color; source=auto,pt-a6f241e2a6f55084,src-c1bb6e4cca7f4db2,CO2,true,Legend entry '313K' under the legend heading 'CO2'; caption identifies panel B as CO2 isotherms from 303 to 373 K.,co2_uptake,per gram of sorbent,visible_marker,,,,,,,,C:\Users\jmckenna\dev-ai\chart_extract_v5\testing-stuff-main\artifacts\runs\combined_03\fig2b\review.html
C:\Users\jmckenna\dev-ai\chart_extract_v5\testing-stuff-main\data\input\combined_03.pdf,fig2b,b,fig2b:b:co2-313k-21d87380,CO2 313K,13.60746128,kPa,1.74098513,mmol/g,square,solid,#fbac19,false,high,169.29000000,302.68000000,assigned_by=color; source=auto,pt-ad71d154d401f33d,src-504427468cf5ffb4,CO2,true,Legend entry '313K' under the legend heading 'CO2'; caption identifies panel B as CO2 isotherms from 303 to 373 K.,co2_uptake,per gram of sorbent,visible_marker,,,,,,,,C:\Users\jmckenna\dev-ai\chart_extract_v5\testing-stuff-main\artifacts\runs\combined_03\fig2b\review.html
C:\Users\jmckenna\dev-ai\chart_extract_v5\testing-stuff-main\data\input\combined_03.pdf,fig2b,b,fig2b:b:co2-313k-21d87380,CO2 313K,46.56767208,kPa,2.25367569,mmol/g,square,solid,#fbac19,false,high,312.42000000,225.41000000,assigned_by=color; source=auto,pt-bc1f79c381890a0c,src-ed846bea16aadac0,CO2,true,Legend entry '313K' under the legend heading 'CO2'; caption identifies panel B as CO2 isotherms from 303 to 373 K.,co2_uptake,per gram of sorbent,visible_marker,,,,,,,,C:\Users\jmckenna\dev-ai\chart_extract_v5\testing-stuff-main\artifacts\runs\combined_03\fig2b\review.html
C:\Users\jmckenna\dev-ai\chart_extract_v5\testing-stuff-main\data\input\combined_03.pdf,fig2b,b,fig2b:b:co2-313k-21d87380,CO2 313K,32.88433717,kPa,2.12701253,mmol/g,square,solid,#fbac19,false,high,253.00000000,244.50000000,assigned_by=color; source=auto,pt-c1abbcedc170c53a,src-718a9be72d998d1d,CO2,true,Legend entry '313K' under the legend heading 'CO2'; caption identifies panel B as CO2 isotherms from 303 to 373 K.,co2_uptake,per gram of sorbent,visible_marker,,,,,,,,C:\Users\jmckenna\dev-ai\chart_extract_v5\testing-stuff-main\artifacts\runs\combined_03\fig2b\review.html
C:\Users\jmckenna\dev-ai\chart_extract_v5\testing-stuff-main\data\input\combined_03.pdf,fig2b,b,fig2b:b:co2-313k-21d87380,CO2 313K,101.73624400,kPa,2.59630984,mmol/g,square,solid,#fbac19,false,low,551.99000000,173.77000000,"source=agent04; evidence_kind=partial_marker; evidence_ref=panel.png; source_evidence=native overlap ROI x=536..561 shows two fused CO2 313K glyph lobes; this is the right-hand center at (551.99,173.77), separated from the left lobe by its own fill maximum and outer contour; uncertainty_px=2.0; overlap_flag=true",pt-c332f158e4219f39,src-49cdab74813a4d96,CO2,true,Legend entry '313K' under the legend heading 'CO2'; caption identifies panel B as CO2 isotherms from 303 to 373 K.,co2_uptake,per gram of sorbent,partially_visible_marker,,,,,,0.46056328,0.01327011,C:\Users\jmckenna\dev-ai\chart_extract_v5\testing-stuff-main\artifacts\runs\combined_03\fig2b\review.html
C:\Users\jmckenna\dev-ai\chart_extract_v5\testing-stuff-main\data\input\combined_03.pdf,fig2b,b,fig2b:b:co2-313k-21d87380,CO2 313K,113.71034483,kPa,2.64982301,mmol/g,square,solid,#f5ab1e,false,high,604.64,165.76,assigned_by=color; source=auto,pt-d146468a2931d40d,src-e0f844c23fcc400f,CO2,true,Legend entry '313K' under the blue CO2 legend heading; panel caption identifies panel B as CO2 isotherms.,co2_uptake,per gram of sorbent,visible_marker,,,,,,,,C:\Users\jmckenna\dev-ai\chart_extract_v5\testing-stuff-main\artifacts\runs\f2b\fig2b\review.html
C:\Users\jmckenna\dev-ai\chart_extract_v5\testing-stuff-main\data\input\combined_03.pdf,fig2b,b,fig2b:b:co2-313k-21d87380,CO2 313K,53.26426210,kPa,2.30615896,mmol/g,square,solid,#fbac19,false,high,341.50000000,217.50000000,assigned_by=color; source=auto,pt-d1e409f4042a48ec,src-a8f67e34f77fa528,CO2,true,Legend entry '313K' under the legend heading 'CO2'; caption identifies panel B as CO2 isotherms from 303 to 373 K.,co2_uptake,per gram of sorbent,visible_marker,,,,,,,,C:\Users\jmckenna\dev-ai\chart_extract_v5\testing-stuff-main\artifacts\runs\combined_03\fig2b\review.html
C:\Users\jmckenna\dev-ai\chart_extract_v5\testing-stuff-main\data\input\combined_03.pdf,fig2b,b,fig2b:b:co2-313k-21d87380,CO2 313K,40.11494253,kPa,2.19690265,mmol/g,square,solid,#f5ab1e,false,high,284.5,234,assigned_by=color; source=auto,pt-d4082ce0549a0f28,src-5810c59013a6007c,CO2,true,Legend entry '313K' under the blue CO2 legend heading; panel caption identifies panel B as CO2 isotherms.,co2_uptake,per gram of sorbent,visible_marker,,,,,,,,C:\Users\jmckenna\dev-ai\chart_extract_v5\testing-stuff-main\artifacts\runs\f2b\fig2b\review.html
C:\Users\jmckenna\dev-ai\chart_extract_v5\testing-stuff-main\data\input\combined_03.pdf,fig2b,b,fig2b:b:co2-313k-21d87380,CO2 313K,2.75862069,kPa,0.79646018,mmol/g,square,solid,#f5ab1e,false,medium,122,445,assigned_by=color; source=auto,pt-e356c9c325127a6a,src-783ced6eb91ffe27,CO2,true,Legend entry '313K' under the blue CO2 legend heading; panel caption identifies panel B as CO2 isotherms.,co2_uptake,per gram of sorbent,visible_marker,,,,,,,,C:\Users\jmckenna\dev-ai\chart_extract_v5\testing-stuff-main\artifacts\runs\f2b\fig2b\review.html
C:\Users\jmckenna\dev-ai\chart_extract_v5\testing-stuff-main\data\input\combined_03.pdf,fig2b,b,fig2b:b:co2-313k-21d87380,CO2 313K,59.94242959,kPa,2.35260434,mmol/g,square,solid,#fbac19,false,high,370.50000000,210.50000000,assigned_by=color; source=auto,pt-ed059872940a6afc,src-e00df41f4783fd49,CO2,true,Legend entry '313K' under the legend heading 'CO2'; caption identifies panel B as CO2 isotherms from 303 to 373 K.,co2_uptake,per gram of sorbent,visible_marker,,,,,,,,C:\Users\jmckenna\dev-ai\chart_extract_v5\testing-stuff-main\artifacts\runs\combined_03\fig2b\review.html
C:\Users\jmckenna\dev-ai\chart_extract_v5\testing-stuff-main\data\input\combined_03.pdf,fig2b,b,fig2b:b:co2-313k-21d87380,CO2 313K,2.68290040,kPa,0.79734787,mmol/g,square,solid,#fbac19,false,medium,121.85000000,444.90000000,assigned_by=color; source=auto,pt-f24687d204bee866,src-60ff6544c6af6c4a,CO2,true,Legend entry '313K' under the legend heading 'CO2'; caption identifies panel B as CO2 isotherms from 303 to 373 K.,co2_uptake,per gram of sorbent,visible_marker,,,,,,,,C:\Users\jmckenna\dev-ai\chart_extract_v5\testing-stuff-main\artifacts\runs\combined_03\fig2b\review.html
C:\Users\jmckenna\dev-ai\chart_extract_v5\testing-stuff-main\data\input\combined_03.pdf,fig2b,b,fig2b:b:co2-313k-21d87380,CO2 313K,73.44153919,kPa,2.43667046,mmol/g,square,solid,#fbac19,false,high,429.12000000,197.83000000,assigned_by=color; source=auto,pt-f26624391e3822ac,src-26275cea0cdf21bf,CO2,true,Legend entry '313K' under the legend heading 'CO2'; caption identifies panel B as CO2 isotherms from 303 to 373 K.,co2_uptake,per gram of sorbent,visible_marker,,,,,,,,C:\Users\jmckenna\dev-ai\chart_extract_v5\testing-stuff-main\artifacts\runs\combined_03\fig2b\review.html
C:\Users\jmckenna\dev-ai\chart_extract_v5\testing-stuff-main\data\input\combined_03.pdf,fig2b,b,fig2b:b:co2-313k-21d87380,CO2 313K,46.51954023,kPa,2.25199115,mmol/g,square,solid,#f5ab1e,false,high,312.36,225.7,assigned_by=color; source=auto,pt-f3b95754ce2faed0,src-5d7fca28da9e16dd,CO2,true,Legend entry '313K' under the blue CO2 legend heading; panel caption identifies panel B as CO2 isotherms.,co2_uptake,per gram of sorbent,visible_marker,,,,,,,,C:\Users\jmckenna\dev-ai\chart_extract_v5\testing-stuff-main\artifacts\runs\f2b\fig2b\review.html
C:\Users\jmckenna\dev-ai\chart_extract_v5\testing-stuff-main\data\input\combined_03.pdf,fig2b,b,fig2b:b:co2-313k-21d87380,CO2 313K,7.35632184,kPa,1.38053097,mmol/g,square,solid,#f5ab1e,false,high,142,357,assigned_by=color; source=auto,pt-fce9f6c95a12db74,src-afc393ef16c18eb1,CO2,true,Legend entry '313K' under the blue CO2 legend heading; panel caption identifies panel B as CO2 isotherms.,co2_uptake,per gram of sorbent,visible_marker,,,,,,,,C:\Users\jmckenna\dev-ai\chart_extract_v5\testing-stuff-main\artifacts\runs\f2b\fig2b\review.html
C:\Users\jmckenna\dev-ai\chart_extract_v5\testing-stuff-main\data\input\combined_03.pdf,fig2b,b,fig2b:b:co2-323k-c5e1f4c4,CO2 323K,66.73573790,kPa,2.17830149,mmol/g,triangle_up,solid,#218b41,false,high,400.00000000,236.77000000,assigned_by=color; source=auto,pt-029ba4e8b779e3d6,src-d57c288248c11a99,CO2,true,Legend entry '323K' under the legend heading 'CO2'; caption identifies panel B as CO2 isotherms from 303 to 373 K.,co2_uptake,per gram of sorbent,visible_marker,,,,,,,,C:\Users\jmckenna\dev-ai\chart_extract_v5\testing-stuff-main\artifacts\runs\combined_03\fig2b\review.html
C:\Users\jmckenna\dev-ai\chart_extract_v5\testing-stuff-main\data\input\combined_03.pdf,fig2b,b,fig2b:b:co2-323k-c5e1f4c4,CO2 323K,46.62528736,kPa,2.04544248,mmol/g,triangle_up,solid,#248d43,false,high,312.82,256.82,assigned_by=color; source=auto,pt-0ff7ee38cc549c0b,src-4d32ee6512438245,CO2,true,Legend entry '323K' under the blue CO2 legend heading; panel caption identifies panel B as CO2 isotherms.,co2_uptake,per gram of sorbent,visible_marker,,,,,,,,C:\Users\jmckenna\dev-ai\chart_extract_v5\testing-stuff-main\artifacts\runs\f2b\fig2b\review.html
C:\Users\jmckenna\dev-ai\chart_extract_v5\testing-stuff-main\data\input\combined_03.pdf,fig2b,b,fig2b:b:co2-323k-c5e1f4c4,CO2 323K,46.83479878,kPa,2.04460517,mmol/g,triangle_up,solid,#218b41,false,high,313.58000000,256.92000000,assigned_by=color; source=auto,pt-16a564c47d5b71e5,src-a7fac2028c158228,CO2,true,Legend entry '323K' under the legend heading 'CO2'; caption identifies panel B as CO2 isotherms from 303 to 373 K.,co2_uptake,per gram of sorbent,visible_marker,,,,,,,,C:\Users\jmckenna\dev-ai\chart_extract_v5\testing-stuff-main\artifacts\runs\combined_03\fig2b\review.html
C:\Users\jmckenna\dev-ai\chart_extract_v5\testing-stuff-main\data\input\combined_03.pdf,fig2b,b,fig2b:b:co2-323k-c5e1f4c4,CO2 323K,59.96776057,kPa,2.13623525,mmol/g,triangle_up,solid,#218b41,false,high,370.61000000,243.11000000,assigned_by=color; source=auto,pt-17771b2318f7bedf,src-59ffbe1dec3a6223,CO2,true,Legend entry '323K' under the legend heading 'CO2'; caption identifies panel B as CO2 isotherms from 303 to 373 K.,co2_uptake,per gram of sorbent,visible_marker,,,,,,,,C:\Users\jmckenna\dev-ai\chart_extract_v5\testing-stuff-main\artifacts\runs\combined_03\fig2b\review.html
C:\Users\jmckenna\dev-ai\chart_extract_v5\testing-stuff-main\data\input\combined_03.pdf,fig2b,b,fig2b:b:co2-323k-c5e1f4c4,CO2 323K,93.51518954,kPa,2.30907839,mmol/g,triangle_up,solid,#218b41,false,high,516.29000000,217.06000000,assigned_by=color; source=auto,pt-258d729d894dc7ef,src-d1732e0d3b062d74,CO2,true,Legend entry '323K' under the legend heading 'CO2'; caption identifies panel B as CO2 isotherms from 303 to 373 K.,co2_uptake,per gram of sorbent,visible_marker,,,,,,,,C:\Users\jmckenna\dev-ai\chart_extract_v5\testing-stuff-main\artifacts\runs\combined_03\fig2b\review.html
C:\Users\jmckenna\dev-ai\chart_extract_v5\testing-stuff-main\data\input\combined_03.pdf,fig2b,b,fig2b:b:co2-323k-c5e1f4c4,CO2 323K,26.86436782,kPa,1.80902655,mmol/g,triangle_up,solid,#248d43,false,high,226.86,292.44,assigned_by=color; source=auto,pt-2b830f9ce8367cde,src-1128d4754c09beaf,CO2,true,Legend entry '323K' under the blue CO2 legend heading; panel caption identifies panel B as CO2 isotherms.,co2_uptake,per gram of sorbent,visible_marker,,,,,,,,C:\Users\jmckenna\dev-ai\chart_extract_v5\testing-stuff-main\artifacts\runs\f2b\fig2b\review.html
C:\Users\jmckenna\dev-ai\chart_extract_v5\testing-stuff-main\data\input\combined_03.pdf,fig2b,b,fig2b:b:co2-323k-c5e1f4c4,CO2 323K,13.49462328,kPa,1.36398141,mmol/g,triangle_up,solid,#218b41,true,low,168.80000000,359.50000000,"source=agent04; evidence_kind=estimated; evidence_ref=panel.png; source_evidence=native ROI x=112..228 y=284..540 contains the CO2 323K marker-width fused green band; this center at (168.80,359.50) is bounded by repeated triangular-width fill/edge modulation and the sequence ending at the clear triangle near (226.5,292.5), not generic background ink; competing explanation is an unresolved thick connector without a separable contour; uncertainty_px=7.0; overlap_flag=true",pt-2d601e544a401925,src-e43c971b9693abc4,CO2,true,Legend entry '323K' under the legend heading 'CO2'; caption identifies panel B as CO2 isotherms from 303 to 373 K.,co2_uptake,per gram of sorbent,estimated_marker,,,,,,1.61197146,0.04644537,C:\Users\jmckenna\dev-ai\chart_extract_v5\testing-stuff-main\artifacts\runs\combined_03\fig2b\review.html
C:\Users\jmckenna\dev-ai\chart_extract_v5\testing-stuff-main\data\input\combined_03.pdf,fig2b,b,fig2b:b:co2-323k-c5e1f4c4,CO2 323K,6.66666667,kPa,0.80973451,mmol/g,triangle_up,solid,#248d43,true,low,139,443,"evidence_kind=estimated; evidence_ref=panel.png; source_evidence=Green marker-bearing fused band in native ROI x=114-218 y=284-544 has marker-width ink/repeated bulges and overlaps blue/magenta low-pressure glyphs; selected 4 non-origin instances versus competing count 3, with center (139.0,443.0) assigned to the green triangle series; overlap_flag=true; uncertainty_px=8; source=agent04",pt-2fee60f1ccfdf029,src-ebe8462e9c2a36e8,CO2,true,Legend entry '323K' under the blue CO2 legend heading; panel caption identifies panel B as CO2 isotherms.,co2_uptake,per gram of sorbent,estimated_marker,,,,,,1.83908046,0.05309735,C:\Users\jmckenna\dev-ai\chart_extract_v5\testing-stuff-main\artifacts\runs\f2b\fig2b\review.html
C:\Users\jmckenna\dev-ai\chart_extract_v5\testing-stuff-main\data\input\combined_03.pdf,fig2b,b,fig2b:b:co2-323k-c5e1f4c4,CO2 323K,59.95862069,kPa,2.13225664,mmol/g,triangle_up,solid,#248d43,false,high,370.82,243.74,assigned_by=color; source=auto,pt-30bd946f8f566a53,src-c6937e333c70fa8a,CO2,true,Legend entry '323K' under the blue CO2 legend heading; panel caption identifies panel B as CO2 isotherms.,co2_uptake,per gram of sorbent,visible_marker,,,,,,,,C:\Users\jmckenna\dev-ai\chart_extract_v5\testing-stuff-main\artifacts\runs\f2b\fig2b\review.html
C:\Users\jmckenna\dev-ai\chart_extract_v5\testing-stuff-main\data\input\combined_03.pdf,fig2b,b,fig2b:b:co2-323k-c5e1f4c4,CO2 323K,79.90344828,kPa,2.24409292,mmol/g,triangle_up,solid,#248d43,false,high,457.58,226.89,assigned_by=color; source=auto,pt-3704904b4913b434,src-e450d582e1103d57,CO2,true,Legend entry '323K' under the blue CO2 legend heading; panel caption identifies panel B as CO2 isotherms.,co2_uptake,per gram of sorbent,visible_marker,,,,,,,,C:\Users\jmckenna\dev-ai\chart_extract_v5\testing-stuff-main\artifacts\runs\f2b\fig2b\review.html
C:\Users\jmckenna\dev-ai\chart_extract_v5\testing-stuff-main\data\input\combined_03.pdf,fig2b,b,fig2b:b:co2-323k-c5e1f4c4,CO2 323K,101.29195402,kPa,2.35141593,mmol/g,triangle_up,solid,#248d43,false,high,550.62,210.72,assigned_by=color; source=auto,pt-4661a0017a362b53,src-0cfb777fa18e5be0,CO2,true,Legend entry '323K' under the blue CO2 legend heading; panel caption identifies panel B as CO2 isotherms.,co2_uptake,per gram of sorbent,visible_marker,,,,,,,,C:\Users\jmckenna\dev-ai\chart_extract_v5\testing-stuff-main\artifacts\runs\f2b\fig2b\review.html
C:\Users\jmckenna\dev-ai\chart_extract_v5\testing-stuff-main\data\input\combined_03.pdf,fig2b,b,fig2b:b:co2-323k-c5e1f4c4,CO2 323K,53.48533247,kPa,2.08952448,mmol/g,triangle_up,solid,#218b41,false,high,342.46000000,250.15000000,assigned_by=color; source=auto,pt-496eaf6eae0a2cef,src-56843f37b94406ce,CO2,true,Legend entry '323K' under the legend heading 'CO2'; caption identifies panel B as CO2 isotherms from 303 to 373 K.,co2_uptake,per gram of sorbent,visible_marker,,,,,,,,C:\Users\jmckenna\dev-ai\chart_extract_v5\testing-stuff-main\artifacts\runs\combined_03\fig2b\review.html
C:\Users\jmckenna\dev-ai\chart_extract_v5\testing-stuff-main\data\input\combined_03.pdf,fig2b,b,fig2b:b:co2-323k-c5e1f4c4,CO2 323K,7.50730070,kPa,0.96587822,mmol/g,triangle_up,solid,#218b41,true,low,142.80000000,419.50000000,"source=agent04; evidence_kind=estimated; evidence_ref=panel.png; source_evidence=native ROI x=112..228 y=284..540 contains the CO2 323K marker-width fused green band; this center at (142.80,419.50) is bounded by repeated triangular-width fill/edge modulation and the sequence ending at the clear triangle near (226.5,292.5), not generic background ink; competing explanation is an unresolved thick connector without a separable contour; uncertainty_px=7.0; overlap_flag=true",pt-4e6c0cb02ce53552,src-ef1ccdfd09478ece,CO2,true,Legend entry '323K' under the legend heading 'CO2'; caption identifies panel B as CO2 isotherms from 303 to 373 K.,co2_uptake,per gram of sorbent,estimated_marker,,,,,,1.61197146,0.04644537,C:\Users\jmckenna\dev-ai\chart_extract_v5\testing-stuff-main\artifacts\runs\combined_03\fig2b\review.html
C:\Users\jmckenna\dev-ai\chart_extract_v5\testing-stuff-main\data\input\combined_03.pdf,fig2b,b,fig2b:b:co2-323k-c5e1f4c4,CO2 323K,40.12643678,kPa,1.97269912,mmol/g,triangle_up,solid,#248d43,false,high,284.55,267.78,assigned_by=color; source=auto,pt-50e492cf62f3f1ab,src-1b37b8fdd13b2252,CO2,true,Legend entry '323K' under the blue CO2 legend heading; panel caption identifies panel B as CO2 isotherms.,co2_uptake,per gram of sorbent,visible_marker,,,,,,,,C:\Users\jmckenna\dev-ai\chart_extract_v5\testing-stuff-main\artifacts\runs\f2b\fig2b\review.html
C:\Users\jmckenna\dev-ai\chart_extract_v5\testing-stuff-main\data\input\combined_03.pdf,fig2b,b,fig2b:b:co2-323k-c5e1f4c4,CO2 323K,66.66666667,kPa,2.18183628,mmol/g,triangle_up,solid,#248d43,false,high,400,236.27,assigned_by=color; source=auto,pt-528a1cdae8c316d6,src-13f348ec1a61c737,CO2,true,Legend entry '323K' under the blue CO2 legend heading; panel caption identifies panel B as CO2 isotherms.,co2_uptake,per gram of sorbent,visible_marker,,,,,,,,C:\Users\jmckenna\dev-ai\chart_extract_v5\testing-stuff-main\artifacts\runs\f2b\fig2b\review.html
C:\Users\jmckenna\dev-ai\chart_extract_v5\testing-stuff-main\data\input\combined_03.pdf,fig2b,b,fig2b:b:co2-323k-c5e1f4c4,CO2 323K,80.08746725,kPa,2.24252880,mmol/g,triangle_up,solid,#218b41,false,high,457.98000000,227.09000000,assigned_by=color; source=auto,pt-53e933c7423c2a10,src-834c7ebb2aff65b9,CO2,true,Legend entry '323K' under the legend heading 'CO2'; caption identifies panel B as CO2 isotherms from 303 to 373 K.,co2_uptake,per gram of sorbent,visible_marker,,,,,,,,C:\Users\jmckenna\dev-ai\chart_extract_v5\testing-stuff-main\artifacts\runs\combined_03\fig2b\review.html
C:\Users\jmckenna\dev-ai\chart_extract_v5\testing-stuff-main\data\input\combined_03.pdf,fig2b,b,fig2b:b:co2-323k-c5e1f4c4,CO2 323K,113.94022989,kPa,2.39336283,mmol/g,triangle_up,solid,#248d43,false,high,605.64,204.4,assigned_by=color; source=auto,pt-54bf8027d387e40b,src-50b016fdd73ae0f8,CO2,true,Legend entry '323K' under the blue CO2 legend heading; panel caption identifies panel B as CO2 isotherms.,co2_uptake,per gram of sorbent,visible_marker,,,,,,,,C:\Users\jmckenna\dev-ai\chart_extract_v5\testing-stuff-main\artifacts\runs\f2b\fig2b\review.html
C:\Users\jmckenna\dev-ai\chart_extract_v5\testing-stuff-main\data\input\combined_03.pdf,fig2b,b,fig2b:b:co2-323k-c5e1f4c4,CO2 323K,86.49885057,kPa,2.27787611,mmol/g,triangle_up,solid,#248d43,false,high,486.27,221.8,assigned_by=color; source=auto,pt-54e8001fc78978e0,src-ee1a1f598202e37c,CO2,true,Legend entry '323K' under the blue CO2 legend heading; panel caption identifies panel B as CO2 isotherms.,co2_uptake,per gram of sorbent,visible_marker,,,,,,,,C:\Users\jmckenna\dev-ai\chart_extract_v5\testing-stuff-main\artifacts\runs\f2b\fig2b\review.html
C:\Users\jmckenna\dev-ai\chart_extract_v5\testing-stuff-main\data\input\combined_03.pdf,fig2b,b,fig2b:b:co2-323k-c5e1f4c4,CO2 323K,86.65509956,kPa,2.27961875,mmol/g,triangle_up,solid,#218b41,false,high,486.50000000,221.50000000,assigned_by=color; source=auto,pt-579d729cb931f0da,src-fc5616fa153f97cb,CO2,true,Legend entry '323K' under the legend heading 'CO2'; caption identifies panel B as CO2 isotherms from 303 to 373 K.,co2_uptake,per gram of sorbent,visible_marker,,,,,,,,C:\Users\jmckenna\dev-ai\chart_extract_v5\testing-stuff-main\artifacts\runs\combined_03\fig2b\review.html
C:\Users\jmckenna\dev-ai\chart_extract_v5\testing-stuff-main\data\input\combined_03.pdf,fig2b,b,fig2b:b:co2-323k-c5e1f4c4,CO2 323K,40.04609610,kPa,1.97347740,mmol/g,triangle_up,solid,#218b41,false,high,284.10000000,267.64000000,assigned_by=color; source=auto,pt-5ba50b49edb63a9d,src-2702dfc484eeac35,CO2,true,Legend entry '323K' under the legend heading 'CO2'; caption identifies panel B as CO2 isotherms from 303 to 373 K.,co2_uptake,per gram of sorbent,visible_marker,,,,,,,,C:\Users\jmckenna\dev-ai\chart_extract_v5\testing-stuff-main\artifacts\runs\combined_03\fig2b\review.html
C:\Users\jmckenna\dev-ai\chart_extract_v5\testing-stuff-main\data\input\combined_03.pdf,fig2b,b,fig2b:b:co2-323k-c5e1f4c4,CO2 323K,13.33333333,kPa,1.28097345,mmol/g,triangle_up,solid,#248d43,true,low,168,372,"evidence_kind=estimated; evidence_ref=panel.png; source_evidence=Green marker-bearing fused band in native ROI x=114-218 y=284-544 has marker-width ink/repeated bulges and overlaps blue/magenta low-pressure glyphs; selected 4 non-origin instances versus competing count 3, with center (168.0,372.0) assigned to the green triangle series; overlap_flag=true; uncertainty_px=8; source=agent04",pt-60955f66269b2bfb,src-a79c1b8374a15e7f,CO2,true,Legend entry '323K' under the blue CO2 legend heading; panel caption identifies panel B as CO2 isotherms.,co2_uptake,per gram of sorbent,estimated_marker,,,,,,1.83908046,0.05309735,C:\Users\jmckenna\dev-ai\chart_extract_v5\testing-stuff-main\artifacts\runs\f2b\fig2b\review.html
C:\Users\jmckenna\dev-ai\chart_extract_v5\testing-stuff-main\data\input\combined_03.pdf,fig2b,b,fig2b:b:co2-323k-c5e1f4c4,CO2 323K,73.50832086,kPa,2.21552414,mmol/g,triangle_up,solid,#218b41,false,high,429.41000000,231.16000000,assigned_by=color; source=auto,pt-621af2e06dc11de5,src-eca686bd0ce97829,CO2,true,Legend entry '323K' under the legend heading 'CO2'; caption identifies panel B as CO2 isotherms from 303 to 373 K.,co2_uptake,per gram of sorbent,visible_marker,,,,,,,,C:\Users\jmckenna\dev-ai\chart_extract_v5\testing-stuff-main\artifacts\runs\combined_03\fig2b\review.html
C:\Users\jmckenna\dev-ai\chart_extract_v5\testing-stuff-main\data\input\combined_03.pdf,fig2b,b,fig2b:b:co2-323k-c5e1f4c4,CO2 323K,53.48735632,kPa,2.09263274,mmol/g,triangle_up,solid,#248d43,false,high,342.67,249.71,assigned_by=color; source=auto,pt-625dc37826801ce0,src-56bb1f523989b2f1,CO2,true,Legend entry '323K' under the blue CO2 legend heading; panel caption identifies panel B as CO2 isotherms.,co2_uptake,per gram of sorbent,visible_marker,,,,,,,,C:\Users\jmckenna\dev-ai\chart_extract_v5\testing-stuff-main\artifacts\runs\f2b\fig2b\review.html
C:\Users\jmckenna\dev-ai\chart_extract_v5\testing-stuff-main\data\input\combined_03.pdf,fig2b,b,fig2b:b:co2-323k-c5e1f4c4,CO2 323K,26.78187377,kPa,1.80852997,mmol/g,triangle_up,solid,#218b41,false,high,226.50000000,292.50000000,assigned_by=color; source=auto,pt-6dc8e46761945364,src-22532bd2682e7465,CO2,true,Legend entry '323K' under the legend heading 'CO2'; caption identifies panel B as CO2 isotherms from 303 to 373 K.,co2_uptake,per gram of sorbent,visible_marker,,,,,,,,C:\Users\jmckenna\dev-ai\chart_extract_v5\testing-stuff-main\artifacts\runs\combined_03\fig2b\review.html
C:\Users\jmckenna\dev-ai\chart_extract_v5\testing-stuff-main\data\input\combined_03.pdf,fig2b,b,fig2b:b:co2-323k-c5e1f4c4,CO2 323K,101.78920878,kPa,2.35041477,mmol/g,triangle_up,solid,#218b41,false,low,552.22000000,210.83000000,"source=agent04; evidence_kind=partial_marker; evidence_ref=panel.png; source_evidence=native overlap ROI x=536..561 shows two fused CO2 323K glyph lobes; this is the right-hand center at (552.22,210.83), separated from the left lobe by its own fill maximum and outer contour; uncertainty_px=2.0; overlap_flag=true",pt-7a6397db66e1ea47,src-45a3f3795dfbb7a7,CO2,true,Legend entry '323K' under the legend heading 'CO2'; caption identifies panel B as CO2 isotherms from 303 to 373 K.,co2_uptake,per gram of sorbent,partially_visible_marker,,,,,,0.46056328,0.01327011,C:\Users\jmckenna\dev-ai\chart_extract_v5\testing-stuff-main\artifacts\runs\combined_03\fig2b\review.html
C:\Users\jmckenna\dev-ai\chart_extract_v5\testing-stuff-main\data\input\combined_03.pdf,fig2b,b,fig2b:b:co2-323k-c5e1f4c4,CO2 323K,19.98856546,kPa,1.61611343,mmol/g,triangle_up,solid,#218b41,true,low,197.00000000,321.50000000,"source=agent04; evidence_kind=estimated; evidence_ref=panel.png; source_evidence=native ROI x=112..228 y=284..540 contains the CO2 323K marker-width fused green band; this center at (197.00,321.50) is bounded by repeated triangular-width fill/edge modulation and the sequence ending at the clear triangle near (226.5,292.5), not generic background ink; competing explanation is an unresolved thick connector without a separable contour; uncertainty_px=7.0; overlap_flag=true",pt-88d45cd3858e1aeb,src-dd5825819c472b37,CO2,true,Legend entry '323K' under the legend heading 'CO2'; caption identifies panel B as CO2 isotherms from 303 to 373 K.,co2_uptake,per gram of sorbent,estimated_marker,,,,,,1.61197146,0.04644537,C:\Users\jmckenna\dev-ai\chart_extract_v5\testing-stuff-main\artifacts\runs\combined_03\fig2b\review.html
C:\Users\jmckenna\dev-ai\chart_extract_v5\testing-stuff-main\data\input\combined_03.pdf,fig2b,b,fig2b:b:co2-323k-c5e1f4c4,CO2 323K,0.00000000,kPa,0.00000000,mmol/g,triangle_up,solid,#218b41,true,low,110.19948187,565.07203791,"source=agent04; evidence_kind=estimated; evidence_ref=panel.png; source_evidence=all six eligible CO2 series visibly converge into the calibrated in-frame linear-axis origin, but individual first glyphs are unresolved in the shared crowded ink; shared-origin assumption only; uncertainty_px=6.0; origin_estimate=true; overlap_flag=true",pt-a04-origin-323k,src-a04-origin-323k,CO2,true,Legend entry '323K' under the legend heading 'CO2'; caption identifies panel B as CO2 isotherms from 303 to 373 K.,co2_uptake,per gram of sorbent,estimated_marker,,,,,,1.38168983,0.03981032,C:\Users\jmckenna\dev-ai\chart_extract_v5\testing-stuff-main\artifacts\runs\combined_03\fig2b\review.html
C:\Users\jmckenna\dev-ai\chart_extract_v5\testing-stuff-main\data\input\combined_03.pdf,fig2b,b,fig2b:b:co2-323k-c5e1f4c4,CO2 323K,99.73279376,kPa,2.34437687,mmol/g,triangle_up,solid,#218b41,false,low,543.29000000,211.74000000,"source=agent04; evidence_kind=partial_marker; evidence_ref=panel.png; source_evidence=native overlap ROI x=536..561 contains two fused triangle_up glyph lobes for CO2 323K; the left-hand fill maximum and outer contour localize this distinct center at (543.29,211.74), with the one-glyph explanation contradicted by the repeated two-lobe geometry across all six series; uncertainty_px=2.0; overlap_flag=true",pt-a04-overlap-323k-left,src-a04-overlap-323k-left,CO2,true,Legend entry '323K' under the legend heading 'CO2'; caption identifies panel B as CO2 isotherms from 303 to 373 K.,co2_uptake,per gram of sorbent,partially_visible_marker,,,,,,0.46056328,0.01327011,C:\Users\jmckenna\dev-ai\chart_extract_v5\testing-stuff-main\artifacts\runs\combined_03\fig2b\review.html
C:\Users\jmckenna\dev-ai\chart_extract_v5\testing-stuff-main\data\input\combined_03.pdf,fig2b,b,fig2b:b:co2-323k-c5e1f4c4,CO2 323K,106.78401750,kPa,2.36773226,mmol/g,triangle_up,solid,#218b41,false,high,573.91000000,208.22000000,assigned_by=color; source=auto,pt-a5612f77b0ff4d9b,src-eb141a1b808138ac,CO2,true,Legend entry '323K' under the legend heading 'CO2'; caption identifies panel B as CO2 isotherms from 303 to 373 K.,co2_uptake,per gram of sorbent,visible_marker,,,,,,,,C:\Users\jmckenna\dev-ai\chart_extract_v5\testing-stuff-main\artifacts\runs\combined_03\fig2b\review.html
C:\Users\jmckenna\dev-ai\chart_extract_v5\testing-stuff-main\data\input\combined_03.pdf,fig2b,b,fig2b:b:co2-323k-c5e1f4c4,CO2 323K,0,kPa,0,mmol/g,triangle_up,solid,#248d43,true,low,110,565,"evidence_kind=estimated; evidence_ref=panel.png; source_evidence=Native ROI x=104-117 y=553-570 shows all six eligible colored/black series converging at the calibrated in-frame linear (0,0) origin, but individual first glyphs are unresolved; shared-origin assumption used; origin_estimate=true; overlap_flag=true; uncertainty_px=10; source=agent04",pt-aaa31c29e20a9d9b,src-70638cba6c831e24,CO2,true,Legend entry '323K' under the blue CO2 legend heading; panel caption identifies panel B as CO2 isotherms.,co2_uptake,per gram of sorbent,estimated_marker,,,,,,2.29885057,0.06637168,C:\Users\jmckenna\dev-ai\chart_extract_v5\testing-stuff-main\artifacts\runs\f2b\fig2b\review.html
C:\Users\jmckenna\dev-ai\chart_extract_v5\testing-stuff-main\data\input\combined_03.pdf,fig2b,b,fig2b:b:co2-323k-c5e1f4c4,CO2 323K,2.75862069,kPa,0.43141593,mmol/g,triangle_up,solid,#248d43,true,low,122,500,"evidence_kind=estimated; evidence_ref=panel.png; source_evidence=Green marker-bearing fused band in native ROI x=114-218 y=284-544 has marker-width ink/repeated bulges and overlaps blue/magenta low-pressure glyphs; selected 4 non-origin instances versus competing count 3, with center (122.0,500.0) assigned to the green triangle series; overlap_flag=true; uncertainty_px=8; source=agent04",pt-aefbb8285d73c854,src-afeef898ea911530,CO2,true,Legend entry '323K' under the blue CO2 legend heading; panel caption identifies panel B as CO2 isotherms.,co2_uptake,per gram of sorbent,estimated_marker,,,,,,1.83908046,0.05309735,C:\Users\jmckenna\dev-ai\chart_extract_v5\testing-stuff-main\artifacts\runs\f2b\fig2b\review.html
C:\Users\jmckenna\dev-ai\chart_extract_v5\testing-stuff-main\data\input\combined_03.pdf,fig2b,b,fig2b:b:co2-323k-c5e1f4c4,CO2 323K,19.77011494,kPa,1.61283186,mmol/g,triangle_up,solid,#248d43,true,low,196,322,"evidence_kind=estimated; evidence_ref=panel.png; source_evidence=Green marker-bearing fused band in native ROI x=114-218 y=284-544 has marker-width ink/repeated bulges and overlaps blue/magenta low-pressure glyphs; selected 4 non-origin instances versus competing count 3, with center (196.0,322.0) assigned to the green triangle series; overlap_flag=true; uncertainty_px=8; source=agent04",pt-c352994fd404c5f0,src-dceb0176474bfbb8,CO2,true,Legend entry '323K' under the blue CO2 legend heading; panel caption identifies panel B as CO2 isotherms.,co2_uptake,per gram of sorbent,estimated_marker,,,,,,1.83908046,0.05309735,C:\Users\jmckenna\dev-ai\chart_extract_v5\testing-stuff-main\artifacts\runs\f2b\fig2b\review.html
C:\Users\jmckenna\dev-ai\chart_extract_v5\testing-stuff-main\data\input\combined_03.pdf,fig2b,b,fig2b:b:co2-323k-c5e1f4c4,CO2 323K,33.05517241,kPa,1.90612832,mmol/g,triangle_up,solid,#248d43,false,high,253.79,277.81,assigned_by=color; source=auto,pt-c80ef5a81cce7bc1,src-b22fc5d1bdc00060,CO2,true,Legend entry '323K' under the blue CO2 legend heading; panel caption identifies panel B as CO2 isotherms.,co2_uptake,per gram of sorbent,visible_marker,,,,,,,,C:\Users\jmckenna\dev-ai\chart_extract_v5\testing-stuff-main\artifacts\runs\f2b\fig2b\review.html
C:\Users\jmckenna\dev-ai\chart_extract_v5\testing-stuff-main\data\input\combined_03.pdf,fig2b,b,fig2b:b:co2-323k-c5e1f4c4,CO2 323K,114.01486092,kPa,2.39599758,mmol/g,triangle_up,solid,#218b41,false,high,605.31000000,203.96000000,assigned_by=color; source=auto,pt-d272588bbbbfd58b,src-3bf76e222ab11193,CO2,true,Legend entry '323K' under the legend heading 'CO2'; caption identifies panel B as CO2 isotherms from 303 to 373 K.,co2_uptake,per gram of sorbent,visible_marker,,,,,,,,C:\Users\jmckenna\dev-ai\chart_extract_v5\testing-stuff-main\artifacts\runs\combined_03\fig2b\review.html
C:\Users\jmckenna\dev-ai\chart_extract_v5\testing-stuff-main\data\input\combined_03.pdf,fig2b,b,fig2b:b:co2-323k-c5e1f4c4,CO2 323K,73.37471264,kPa,2.21449115,mmol/g,triangle_up,solid,#248d43,false,high,429.18,231.35,assigned_by=color; source=auto,pt-d35bbb4729bbf515,src-b367169071095e9e,CO2,true,Legend entry '323K' under the blue CO2 legend heading; panel caption identifies panel B as CO2 isotherms.,co2_uptake,per gram of sorbent,visible_marker,,,,,,,,C:\Users\jmckenna\dev-ai\chart_extract_v5\testing-stuff-main\artifacts\runs\f2b\fig2b\review.html
C:\Users\jmckenna\dev-ai\chart_extract_v5\testing-stuff-main\data\input\combined_03.pdf,fig2b,b,fig2b:b:co2-323k-c5e1f4c4,CO2 323K,106.59310345,kPa,2.37318584,mmol/g,triangle_up,solid,#248d43,false,high,573.68,207.44,assigned_by=color; source=auto,pt-e78ed787cf9386f6,src-bc5e83a7a7d90df1,CO2,true,Legend entry '323K' under the blue CO2 legend heading; panel caption identifies panel B as CO2 isotherms.,co2_uptake,per gram of sorbent,visible_marker,,,,,,,,C:\Users\jmckenna\dev-ai\chart_extract_v5\testing-stuff-main\artifacts\runs\f2b\fig2b\review.html
C:\Users\jmckenna\dev-ai\chart_extract_v5\testing-stuff-main\data\input\combined_03.pdf,fig2b,b,fig2b:b:co2-323k-c5e1f4c4,CO2 323K,2.97075244,kPa,0.45332036,mmol/g,triangle_up,solid,#218b41,true,low,123.10000000,496.75000000,"source=agent04; evidence_kind=estimated; evidence_ref=panel.png; source_evidence=native ROI x=112..228 y=284..540 contains the CO2 323K marker-width fused green band; this center at (123.10,496.75) is bounded by repeated triangular-width fill/edge modulation and the sequence ending at the clear triangle near (226.5,292.5), not generic background ink; competing explanation is an unresolved thick connector without a separable contour; uncertainty_px=5.0; overlap_flag=true",pt-f31fe3a56d05b78d,src-fb1f763c09d1f482,CO2,true,Legend entry '323K' under the legend heading 'CO2'; caption identifies panel B as CO2 isotherms from 303 to 373 K.,co2_uptake,per gram of sorbent,estimated_marker,,,,,,1.15140819,0.03317527,C:\Users\jmckenna\dev-ai\chart_extract_v5\testing-stuff-main\artifacts\runs\combined_03\fig2b\review.html
C:\Users\jmckenna\dev-ai\chart_extract_v5\testing-stuff-main\data\input\combined_03.pdf,fig2b,b,fig2b:b:co2-323k-c5e1f4c4,CO2 323K,33.07777375,kPa,1.90692781,mmol/g,triangle_up,solid,#218b41,false,high,253.84000000,277.67000000,assigned_by=color; source=auto,pt-f9a997b41fca7cea,src-34cc398e8ae908b2,CO2,true,Legend entry '323K' under the legend heading 'CO2'; caption identifies panel B as CO2 isotherms from 303 to 373 K.,co2_uptake,per gram of sorbent,visible_marker,,,,,,,,C:\Users\jmckenna\dev-ai\chart_extract_v5\testing-stuff-main\artifacts\runs\combined_03\fig2b\review.html
C:\Users\jmckenna\dev-ai\chart_extract_v5\testing-stuff-main\data\input\combined_03.pdf,fig2b,b,fig2b:b:co2-333k-94a1f9ba,CO2 333K,26.67594422,kPa,1.58950687,mmol/g,pentagon,solid,#2b3aa2,false,high,226.04000000,325.51000000,assigned_by=color; source=auto,pt-03d6a1920a425dd4,src-1e113025b64fdfcd,CO2,true,Legend entry '333K' under the legend heading 'CO2'; caption identifies panel B as CO2 isotherms from 303 to 373 K.,co2_uptake,per gram of sorbent,visible_marker,,,,,,,,C:\Users\jmckenna\dev-ai\chart_extract_v5\testing-stuff-main\artifacts\runs\combined_03\fig2b\review.html
C:\Users\jmckenna\dev-ai\chart_extract_v5\testing-stuff-main\data\input\combined_03.pdf,fig2b,b,fig2b:b:co2-333k-94a1f9ba,CO2 333K,33.15376669,kPa,1.71464397,mmol/g,pentagon,solid,#2b3aa2,false,high,254.17000000,306.65000000,assigned_by=color; source=auto,pt-1362c9472ac8b6e9,src-b9375e33db6cbe70,CO2,true,Legend entry '333K' under the legend heading 'CO2'; caption identifies panel B as CO2 isotherms from 303 to 373 K.,co2_uptake,per gram of sorbent,visible_marker,,,,,,,,C:\Users\jmckenna\dev-ai\chart_extract_v5\testing-stuff-main\artifacts\runs\combined_03\fig2b\review.html
C:\Users\jmckenna\dev-ai\chart_extract_v5\testing-stuff-main\data\input\combined_03.pdf,fig2b,b,fig2b:b:co2-333k-94a1f9ba,CO2 333K,46.28735632,kPa,1.87818584,mmol/g,pentagon,solid,#3a3691,false,high,311.35,282.02,assigned_by=color; source=auto,pt-175ea892341be12e,src-2e6875c34b636cac,CO2,true,Legend entry '333K' under the blue CO2 legend heading; panel caption identifies panel B as CO2 isotherms.,co2_uptake,per gram of sorbent,visible_marker,,,,,,,,C:\Users\jmckenna\dev-ai\chart_extract_v5\testing-stuff-main\artifacts\runs\f2b\fig2b\review.html
C:\Users\jmckenna\dev-ai\chart_extract_v5\testing-stuff-main\data\input\combined_03.pdf,fig2b,b,fig2b:b:co2-333k-94a1f9ba,CO2 333K,79.88275862,kPa,2.10325221,mmol/g,pentagon,solid,#3a3691,false,high,457.49,248.11,assigned_by=color; source=auto,pt-1d8ea951b1f065f8,src-f66072682a19b2ad,CO2,true,Legend entry '333K' under the blue CO2 legend heading; panel caption identifies panel B as CO2 isotherms.,co2_uptake,per gram of sorbent,visible_marker,,,,,,,,C:\Users\jmckenna\dev-ai\chart_extract_v5\testing-stuff-main\artifacts\runs\f2b\fig2b\review.html
C:\Users\jmckenna\dev-ai\chart_extract_v5\testing-stuff-main\data\input\combined_03.pdf,fig2b,b,fig2b:b:co2-333k-94a1f9ba,CO2 333K,13.44137931,kPa,1.14736726,mmol/g,pentagon,solid,#3a3691,false,high,168.47,392.13,assigned_by=color; source=auto,pt-1ed0bb5d2961db5c,src-e69524d881c454f3,CO2,true,Legend entry '333K' under the blue CO2 legend heading; panel caption identifies panel B as CO2 isotherms.,co2_uptake,per gram of sorbent,visible_marker,,,,,,,,C:\Users\jmckenna\dev-ai\chart_extract_v5\testing-stuff-main\artifacts\runs\f2b\fig2b\review.html
C:\Users\jmckenna\dev-ai\chart_extract_v5\testing-stuff-main\data\input\combined_03.pdf,fig2b,b,fig2b:b:co2-333k-94a1f9ba,CO2 333K,53.37931034,kPa,1.93646018,mmol/g,pentagon,solid,#3a3691,false,high,342.2,273.24,assigned_by=color; source=auto,pt-1f758f5cc1a42729,src-9765c3964055ac6f,CO2,true,Legend entry '333K' under the blue CO2 legend heading; panel caption identifies panel B as CO2 isotherms.,co2_uptake,per gram of sorbent,visible_marker,,,,,,,,C:\Users\jmckenna\dev-ai\chart_extract_v5\testing-stuff-main\artifacts\runs\f2b\fig2b\review.html
C:\Users\jmckenna\dev-ai\chart_extract_v5\testing-stuff-main\data\input\combined_03.pdf,fig2b,b,fig2b:b:co2-333k-94a1f9ba,CO2 333K,39.85265952,kPa,1.80189492,mmol/g,pentagon,solid,#2b3aa2,false,high,283.26000000,293.50000000,assigned_by=color; source=auto,pt-2078dfb9a99e406a,src-50f59a7e2543fbe5,CO2,true,Legend entry '333K' under the legend heading 'CO2'; caption identifies panel B as CO2 isotherms from 303 to 373 K.,co2_uptake,per gram of sorbent,visible_marker,,,,,,,,C:\Users\jmckenna\dev-ai\chart_extract_v5\testing-stuff-main\artifacts\runs\combined_03\fig2b\review.html
C:\Users\jmckenna\dev-ai\chart_extract_v5\testing-stuff-main\data\input\combined_03.pdf,fig2b,b,fig2b:b:co2-333k-94a1f9ba,CO2 333K,106.69425287,kPa,2.21449115,mmol/g,pentagon,solid,#3a3691,false,high,574.12,231.35,assigned_by=color; source=auto,pt-2b816d17c938e54e,src-dd7f7bcf22529829,CO2,true,Legend entry '333K' under the blue CO2 legend heading; panel caption identifies panel B as CO2 isotherms.,co2_uptake,per gram of sorbent,visible_marker,,,,,,,,C:\Users\jmckenna\dev-ai\chart_extract_v5\testing-stuff-main\artifacts\runs\f2b\fig2b\review.html
C:\Users\jmckenna\dev-ai\chart_extract_v5\testing-stuff-main\data\input\combined_03.pdf,fig2b,b,fig2b:b:co2-333k-94a1f9ba,CO2 333K,73.45075045,kPa,2.06948662,mmol/g,pentagon,solid,#2b3aa2,false,high,429.16000000,253.17000000,assigned_by=color; source=auto,pt-3a8a50f34a1fafc1,src-800c61f6713d7842,CO2,true,Legend entry '333K' under the legend heading 'CO2'; caption identifies panel B as CO2 isotherms from 303 to 373 K.,co2_uptake,per gram of sorbent,visible_marker,,,,,,,,C:\Users\jmckenna\dev-ai\chart_extract_v5\testing-stuff-main\artifacts\runs\combined_03\fig2b\review.html
C:\Users\jmckenna\dev-ai\chart_extract_v5\testing-stuff-main\data\input\combined_03.pdf,fig2b,b,fig2b:b:co2-333k-94a1f9ba,CO2 333K,13.39790499,kPa,1.14588721,mmol/g,pentagon,solid,#2b3aa2,false,high,168.38000000,392.37000000,assigned_by=color; source=auto,pt-3f8782fa8fc48e83,src-ef09ed81c8c8ea9f,CO2,true,Legend entry '333K' under the legend heading 'CO2'; caption identifies panel B as CO2 isotherms from 303 to 373 K.,co2_uptake,per gram of sorbent,visible_marker,,,,,,,,C:\Users\jmckenna\dev-ai\chart_extract_v5\testing-stuff-main\artifacts\runs\combined_03\fig2b\review.html
C:\Users\jmckenna\dev-ai\chart_extract_v5\testing-stuff-main\data\input\combined_03.pdf,fig2b,b,fig2b:b:co2-333k-94a1f9ba,CO2 333K,39.82298851,kPa,1.79926991,mmol/g,pentagon,solid,#3a3691,false,high,283.23,293.91,assigned_by=color; source=auto,pt-5d5900bdbea13be9,src-91604f7610274164,CO2,true,Legend entry '333K' under the blue CO2 legend heading; panel caption identifies panel B as CO2 isotherms.,co2_uptake,per gram of sorbent,visible_marker,,,,,,,,C:\Users\jmckenna\dev-ai\chart_extract_v5\testing-stuff-main\artifacts\runs\f2b\fig2b\review.html
C:\Users\jmckenna\dev-ai\chart_extract_v5\testing-stuff-main\data\input\combined_03.pdf,fig2b,b,fig2b:b:co2-333k-94a1f9ba,CO2 333K,59.98848592,kPa,1.98754371,mmol/g,pentagon,solid,#2b3aa2,false,high,370.70000000,265.52000000,assigned_by=color; source=auto,pt-68881b4bc1011547,src-899d2f1e6c6270a7,CO2,true,Legend entry '333K' under the legend heading 'CO2'; caption identifies panel B as CO2 isotherms from 303 to 373 K.,co2_uptake,per gram of sorbent,visible_marker,,,,,,,,C:\Users\jmckenna\dev-ai\chart_extract_v5\testing-stuff-main\artifacts\runs\combined_03\fig2b\review.html
C:\Users\jmckenna\dev-ai\chart_extract_v5\testing-stuff-main\data\input\combined_03.pdf,fig2b,b,fig2b:b:co2-333k-94a1f9ba,CO2 333K,46.27060876,kPa,1.87720277,mmol/g,pentagon,solid,#2b3aa2,false,high,311.13000000,282.15000000,assigned_by=color; source=auto,pt-68e348dd788c29b8,src-241683b4b8fbd628,CO2,true,Legend entry '333K' under the legend heading 'CO2'; caption identifies panel B as CO2 isotherms from 303 to 373 K.,co2_uptake,per gram of sorbent,visible_marker,,,,,,,,C:\Users\jmckenna\dev-ai\chart_extract_v5\testing-stuff-main\artifacts\runs\combined_03\fig2b\review.html
C:\Users\jmckenna\dev-ai\chart_extract_v5\testing-stuff-main\data\input\combined_03.pdf,fig2b,b,fig2b:b:co2-333k-94a1f9ba,CO2 333K,100.45357528,kPa,2.18898392,mmol/g,pentagon,solid,#2b3aa2,false,low,546.42000000,235.16000000,overlap_flag=true; assigned_by=color; source=auto,pt-700af9b9d5a13b4f,src-97d44f7b8359e109,CO2,true,Legend entry '333K' under the legend heading 'CO2'; caption identifies panel B as CO2 isotherms from 303 to 373 K.,co2_uptake,per gram of sorbent,partially_visible_marker,,,,,,,,C:\Users\jmckenna\dev-ai\chart_extract_v5\testing-stuff-main\artifacts\runs\combined_03\fig2b\review.html
C:\Users\jmckenna\dev-ai\chart_extract_v5\testing-stuff-main\data\input\combined_03.pdf,fig2b,b,fig2b:b:co2-333k-94a1f9ba,CO2 333K,93.38162619,kPa,2.15846268,mmol/g,pentagon,solid,#2b3aa2,false,high,515.71000000,239.76000000,assigned_by=color; source=auto,pt-720a32d15a842eea,src-10790fbaa1c345bd,CO2,true,Legend entry '333K' under the legend heading 'CO2'; caption identifies panel B as CO2 isotherms from 303 to 373 K.,co2_uptake,per gram of sorbent,visible_marker,,,,,,,,C:\Users\jmckenna\dev-ai\chart_extract_v5\testing-stuff-main\artifacts\runs\combined_03\fig2b\review.html
C:\Users\jmckenna\dev-ai\chart_extract_v5\testing-stuff-main\data\input\combined_03.pdf,fig2b,b,fig2b:b:co2-333k-94a1f9ba,CO2 333K,106.85540481,kPa,2.21333457,mmol/g,pentagon,solid,#2b3aa2,false,high,574.22000000,231.49000000,assigned_by=color; source=auto,pt-8569d0f94d883445,src-8333f43f76280999,CO2,true,Legend entry '333K' under the legend heading 'CO2'; caption identifies panel B as CO2 isotherms from 303 to 373 K.,co2_uptake,per gram of sorbent,visible_marker,,,,,,,,C:\Users\jmckenna\dev-ai\chart_extract_v5\testing-stuff-main\artifacts\runs\combined_03\fig2b\review.html
C:\Users\jmckenna\dev-ai\chart_extract_v5\testing-stuff-main\data\input\combined_03.pdf,fig2b,b,fig2b:b:co2-333k-94a1f9ba,CO2 333K,113.81149425,kPa,2.23845133,mmol/g,pentagon,solid,#3a3691,false,high,605.08,227.74,assigned_by=color; source=auto,pt-899eac64b9c626fb,src-607ed45f9b99c302,CO2,true,Legend entry '333K' under the blue CO2 legend heading; panel caption identifies panel B as CO2 isotherms.,co2_uptake,per gram of sorbent,visible_marker,,,,,,,,C:\Users\jmckenna\dev-ai\chart_extract_v5\testing-stuff-main\artifacts\runs\f2b\fig2b\review.html
C:\Users\jmckenna\dev-ai\chart_extract_v5\testing-stuff-main\data\input\combined_03.pdf,fig2b,b,fig2b:b:co2-333k-94a1f9ba,CO2 333K,80.03680529,kPa,2.10710737,mmol/g,pentagon,solid,#2b3aa2,false,high,457.76000000,247.50000000,assigned_by=color; source=auto,pt-8bf6ffc29862b508,src-2c249dc382320084,CO2,true,Legend entry '333K' under the legend heading 'CO2'; caption identifies panel B as CO2 isotherms from 303 to 373 K.,co2_uptake,per gram of sorbent,visible_marker,,,,,,,,C:\Users\jmckenna\dev-ai\chart_extract_v5\testing-stuff-main\artifacts\runs\combined_03\fig2b\review.html
C:\Users\jmckenna\dev-ai\chart_extract_v5\testing-stuff-main\data\input\combined_03.pdf,fig2b,b,fig2b:b:co2-333k-94a1f9ba,CO2 333K,101.77078625,kPa,2.20437725,mmol/g,pentagon,solid,#2b3aa2,false,high,552.14000000,232.84000000,assigned_by=color; source=auto,pt-8e6629b8407fdade,src-1d4ee4eaa8b33b8f,CO2,true,Legend entry '333K' under the legend heading 'CO2'; caption identifies panel B as CO2 isotherms from 303 to 373 K.,co2_uptake,per gram of sorbent,visible_marker,,,,,,,,C:\Users\jmckenna\dev-ai\chart_extract_v5\testing-stuff-main\artifacts\runs\combined_03\fig2b\review.html
C:\Users\jmckenna\dev-ai\chart_extract_v5\testing-stuff-main\data\input\combined_03.pdf,fig2b,b,fig2b:b:co2-333k-94a1f9ba,CO2 333K,19.8,kPa,1.40528761,mmol/g,pentagon,solid,#3a3691,false,high,196.13,353.27,assigned_by=color; source=auto,pt-8f0949b1599eb9f0,src-aff26197891ebe6c,CO2,true,Legend entry '333K' under the blue CO2 legend heading; panel caption identifies panel B as CO2 isotherms.,co2_uptake,per gram of sorbent,visible_marker,,,,,,,,C:\Users\jmckenna\dev-ai\chart_extract_v5\testing-stuff-main\artifacts\runs\f2b\fig2b\review.html
C:\Users\jmckenna\dev-ai\chart_extract_v5\testing-stuff-main\data\input\combined_03.pdf,fig2b,b,fig2b:b:co2-333k-94a1f9ba,CO2 333K,66.53563218,kPa,2.03223451,mmol/g,pentagon,solid,#3a3691,false,high,399.43,258.81,assigned_by=color; source=auto,pt-91f0678ab4693ce6,src-936c1a7adfaed0c7,CO2,true,Legend entry '333K' under the blue CO2 legend heading; panel caption identifies panel B as CO2 isotherms.,co2_uptake,per gram of sorbent,visible_marker,,,,,,,,C:\Users\jmckenna\dev-ai\chart_extract_v5\testing-stuff-main\artifacts\runs\f2b\fig2b\review.html
C:\Users\jmckenna\dev-ai\chart_extract_v5\testing-stuff-main\data\input\combined_03.pdf,fig2b,b,fig2b:b:co2-333k-94a1f9ba,CO2 333K,0.00000000,kPa,0.00000000,mmol/g,pentagon,solid,#2b3aa2,true,low,110.19948187,565.07203791,"source=agent04; evidence_kind=estimated; evidence_ref=panel.png; source_evidence=all six eligible CO2 series visibly converge into the calibrated in-frame linear-axis origin, but individual first glyphs are unresolved in the shared crowded ink; shared-origin assumption only; uncertainty_px=6.0; origin_estimate=true; overlap_flag=true",pt-a04-origin-333k,src-a04-origin-333k,CO2,true,Legend entry '333K' under the legend heading 'CO2'; caption identifies panel B as CO2 isotherms from 303 to 373 K.,co2_uptake,per gram of sorbent,estimated_marker,,,,,,1.38168983,0.03981032,C:\Users\jmckenna\dev-ai\chart_extract_v5\testing-stuff-main\artifacts\runs\combined_03\fig2b\review.html
C:\Users\jmckenna\dev-ai\chart_extract_v5\testing-stuff-main\data\input\combined_03.pdf,fig2b,b,fig2b:b:co2-333k-94a1f9ba,CO2 333K,59.7908046,kPa,1.98736726,mmol/g,pentagon,solid,#3a3691,false,high,370.09,265.57,assigned_by=color; source=auto,pt-a8a768c57117f08e,src-0bfd26c291522ca8,CO2,true,Legend entry '333K' under the blue CO2 legend heading; panel caption identifies panel B as CO2 isotherms.,co2_uptake,per gram of sorbent,visible_marker,,,,,,,,C:\Users\jmckenna\dev-ai\chart_extract_v5\testing-stuff-main\artifacts\runs\f2b\fig2b\review.html
C:\Users\jmckenna\dev-ai\chart_extract_v5\testing-stuff-main\data\input\combined_03.pdf,fig2b,b,fig2b:b:co2-333k-94a1f9ba,CO2 333K,113.94347361,kPa,2.23523025,mmol/g,pentagon,solid,#2b3aa2,false,high,605.00000000,228.19000000,assigned_by=color; source=auto,pt-aef766805e23712d,src-03bafe7ba4caff51,CO2,true,Legend entry '333K' under the legend heading 'CO2'; caption identifies panel B as CO2 isotherms from 303 to 373 K.,co2_uptake,per gram of sorbent,visible_marker,,,,,,,,C:\Users\jmckenna\dev-ai\chart_extract_v5\testing-stuff-main\artifacts\runs\combined_03\fig2b\review.html
C:\Users\jmckenna\dev-ai\chart_extract_v5\testing-stuff-main\data\input\combined_03.pdf,fig2b,b,fig2b:b:co2-333k-94a1f9ba,CO2 333K,0,kPa,0,mmol/g,pentagon,solid,#3a3691,true,low,110,565,"evidence_kind=estimated; evidence_ref=panel.png; source_evidence=Native ROI x=104-117 y=553-570 shows all six eligible colored/black series converging at the calibrated in-frame linear (0,0) origin, but individual first glyphs are unresolved; shared-origin assumption used; origin_estimate=true; overlap_flag=true; uncertainty_px=10; source=agent04",pt-b299b3c2d1ab4a11,src-1c6b86ebb8c4c971,CO2,true,Legend entry '333K' under the blue CO2 legend heading; panel caption identifies panel B as CO2 isotherms.,co2_uptake,per gram of sorbent,estimated_marker,,,,,,2.29885057,0.06637168,C:\Users\jmckenna\dev-ai\chart_extract_v5\testing-stuff-main\artifacts\runs\f2b\fig2b\review.html
C:\Users\jmckenna\dev-ai\chart_extract_v5\testing-stuff-main\data\input\combined_03.pdf,fig2b,b,fig2b:b:co2-333k-94a1f9ba,CO2 333K,3.26666667,kPa,0.32827434,mmol/g,pentagon,solid,#3a3691,false,high,124.21,515.54,assigned_by=color; source=auto,pt-b5cf9d32da36a2ee,src-7ce7abb1398f254d,CO2,true,Legend entry '333K' under the blue CO2 legend heading; panel caption identifies panel B as CO2 isotherms.,co2_uptake,per gram of sorbent,visible_marker,,,,,,,,C:\Users\jmckenna\dev-ai\chart_extract_v5\testing-stuff-main\artifacts\runs\f2b\fig2b\review.html
C:\Users\jmckenna\dev-ai\chart_extract_v5\testing-stuff-main\data\input\combined_03.pdf,fig2b,b,fig2b:b:co2-333k-94a1f9ba,CO2 333K,73.44367816,kPa,2.07019912,mmol/g,pentagon,solid,#3a3691,false,high,429.48,253.09,assigned_by=color; source=auto,pt-bad5dcff618f3fa8,src-1c3e19ea9f181e62,CO2,true,Legend entry '333K' under the blue CO2 legend heading; panel caption identifies panel B as CO2 isotherms.,co2_uptake,per gram of sorbent,visible_marker,,,,,,,,C:\Users\jmckenna\dev-ai\chart_extract_v5\testing-stuff-main\artifacts\runs\f2b\fig2b\review.html
C:\Users\jmckenna\dev-ai\chart_extract_v5\testing-stuff-main\data\input\combined_03.pdf,fig2b,b,fig2b:b:co2-333k-94a1f9ba,CO2 333K,66.62059708,kPa,2.03233032,mmol/g,pentagon,solid,#2b3aa2,false,high,399.50000000,258.77000000,assigned_by=color; source=auto,pt-bf5b5f168723f13b,src-b62a7b5d25f835ff,CO2,true,Legend entry '333K' under the legend heading 'CO2'; caption identifies panel B as CO2 isotherms from 303 to 373 K.,co2_uptake,per gram of sorbent,visible_marker,,,,,,,,C:\Users\jmckenna\dev-ai\chart_extract_v5\testing-stuff-main\artifacts\runs\combined_03\fig2b\review.html
C:\Users\jmckenna\dev-ai\chart_extract_v5\testing-stuff-main\data\input\combined_03.pdf,fig2b,b,fig2b:b:co2-333k-94a1f9ba,CO2 333K,6.64597701,kPa,0.65004425,mmol/g,pentagon,solid,#3a3691,false,high,138.91,467.06,assigned_by=color; source=auto,pt-c0506304a7da90ac,src-1633af182423bcc1,CO2,true,Legend entry '333K' under the blue CO2 legend heading; panel caption identifies panel B as CO2 isotherms.,co2_uptake,per gram of sorbent,visible_marker,,,,,,,,C:\Users\jmckenna\dev-ai\chart_extract_v5\testing-stuff-main\artifacts\runs\f2b\fig2b\review.html
C:\Users\jmckenna\dev-ai\chart_extract_v5\testing-stuff-main\data\input\combined_03.pdf,fig2b,b,fig2b:b:co2-333k-94a1f9ba,CO2 333K,1.36568943,kPa,0.14545389,mmol/g,pentagon,solid,#2b3aa2,false,high,116.13000000,543.15000000,assigned_by=color; source=auto,pt-c161c82516d8c071,src-0b70f862e935545b,CO2,true,Legend entry '333K' under the legend heading 'CO2'; caption identifies panel B as CO2 isotherms from 303 to 373 K.,co2_uptake,per gram of sorbent,visible_marker,,,,,,,,C:\Users\jmckenna\dev-ai\chart_extract_v5\testing-stuff-main\artifacts\runs\combined_03\fig2b\review.html
C:\Users\jmckenna\dev-ai\chart_extract_v5\testing-stuff-main\data\input\combined_03.pdf,fig2b,b,fig2b:b:co2-333k-94a1f9ba,CO2 333K,6.42727982,kPa,0.65091224,mmol/g,pentagon,solid,#2b3aa2,false,high,138.11000000,466.97000000,assigned_by=color; source=auto,pt-cbd94cc29c12f902,src-459cb916ec383745,CO2,true,Legend entry '333K' under the legend heading 'CO2'; caption identifies panel B as CO2 isotherms from 303 to 373 K.,co2_uptake,per gram of sorbent,visible_marker,,,,,,,,C:\Users\jmckenna\dev-ai\chart_extract_v5\testing-stuff-main\artifacts\runs\combined_03\fig2b\review.html
C:\Users\jmckenna\dev-ai\chart_extract_v5\testing-stuff-main\data\input\combined_03.pdf,fig2b,b,fig2b:b:co2-333k-94a1f9ba,CO2 333K,26.73563218,kPa,1.5904646,mmol/g,pentagon,solid,#3a3691,false,high,226.3,325.37,assigned_by=color; source=auto,pt-cd3c28571aa54834,src-220631027ae1814c,CO2,true,Legend entry '333K' under the blue CO2 legend heading; panel caption identifies panel B as CO2 isotherms.,co2_uptake,per gram of sorbent,visible_marker,,,,,,,,C:\Users\jmckenna\dev-ai\chart_extract_v5\testing-stuff-main\artifacts\runs\f2b\fig2b\review.html
C:\Users\jmckenna\dev-ai\chart_extract_v5\testing-stuff-main\data\input\combined_03.pdf,fig2b,b,fig2b:b:co2-333k-94a1f9ba,CO2 333K,3.15037212,kPa,0.32924486,mmol/g,pentagon,solid,#2b3aa2,false,medium,123.88000000,515.45000000,assigned_by=color; source=auto,pt-ce5cf93d835728db,src-18a10366a2c0f85e,CO2,true,Legend entry '333K' under the legend heading 'CO2'; caption identifies panel B as CO2 isotherms from 303 to 373 K.,co2_uptake,per gram of sorbent,visible_marker,,,,,,,,C:\Users\jmckenna\dev-ai\chart_extract_v5\testing-stuff-main\artifacts\runs\combined_03\fig2b\review.html
C:\Users\jmckenna\dev-ai\chart_extract_v5\testing-stuff-main\data\input\combined_03.pdf,fig2b,b,fig2b:b:co2-333k-94a1f9ba,CO2 333K,93.33333333,kPa,2.16053097,mmol/g,pentagon,solid,#3a3691,false,high,516,239.48,assigned_by=color; source=auto,pt-d1e49d5ef5b26e87,src-e3aa4ef5cbe7a932,CO2,true,Legend entry '333K' under the blue CO2 legend heading; panel caption identifies panel B as CO2 isotherms.,co2_uptake,per gram of sorbent,visible_marker,,,,,,,,C:\Users\jmckenna\dev-ai\chart_extract_v5\testing-stuff-main\artifacts\runs\f2b\fig2b\review.html
C:\Users\jmckenna\dev-ai\chart_extract_v5\testing-stuff-main\data\input\combined_03.pdf,fig2b,b,fig2b:b:co2-333k-94a1f9ba,CO2 333K,53.61429019,kPa,1.93778081,mmol/g,pentagon,solid,#2b3aa2,false,high,343.02000000,273.02000000,assigned_by=color; source=auto,pt-dfd08710235e024d,src-3fc92446d2d8c43f,CO2,true,Legend entry '333K' under the legend heading 'CO2'; caption identifies panel B as CO2 isotherms from 303 to 373 K.,co2_uptake,per gram of sorbent,visible_marker,,,,,,,,C:\Users\jmckenna\dev-ai\chart_extract_v5\testing-stuff-main\artifacts\runs\combined_03\fig2b\review.html
C:\Users\jmckenna\dev-ai\chart_extract_v5\testing-stuff-main\data\input\combined_03.pdf,fig2b,b,fig2b:b:co2-333k-94a1f9ba,CO2 333K,33.17701149,kPa,1.71643805,mmol/g,pentagon,solid,#3a3691,false,high,254.32,306.39,assigned_by=color; source=auto,pt-e6f2d94e96253723,src-260e2a99d9682e18,CO2,true,Legend entry '333K' under the blue CO2 legend heading; panel caption identifies panel B as CO2 isotherms.,co2_uptake,per gram of sorbent,visible_marker,,,,,,,,C:\Users\jmckenna\dev-ai\chart_extract_v5\testing-stuff-main\artifacts\runs\f2b\fig2b\review.html
C:\Users\jmckenna\dev-ai\chart_extract_v5\testing-stuff-main\data\input\combined_03.pdf,fig2b,b,fig2b:b:co2-333k-94a1f9ba,CO2 333K,86.72413793,kPa,2.13497788,mmol/g,pentagon,solid,#3a3691,false,high,487.25,243.33,assigned_by=color; source=auto,pt-ee4adfcde4481852,src-ba74a049bcf6b725,CO2,true,Legend entry '333K' under the blue CO2 legend heading; panel caption identifies panel B as CO2 isotherms.,co2_uptake,per gram of sorbent,visible_marker,,,,,,,,C:\Users\jmckenna\dev-ai\chart_extract_v5\testing-stuff-main\artifacts\runs\f2b\fig2b\review.html
C:\Users\jmckenna\dev-ai\chart_extract_v5\testing-stuff-main\data\input\combined_03.pdf,fig2b,b,fig2b:b:co2-333k-94a1f9ba,CO2 333K,19.61550921,kPa,1.40637940,mmol/g,pentagon,solid,#2b3aa2,false,high,195.38000000,353.11000000,assigned_by=color; source=auto,pt-f34f2b64bd25f159,src-9c10d0bb0b8ca3b3,CO2,true,Legend entry '333K' under the legend heading 'CO2'; caption identifies panel B as CO2 isotherms from 303 to 373 K.,co2_uptake,per gram of sorbent,visible_marker,,,,,,,,C:\Users\jmckenna\dev-ai\chart_extract_v5\testing-stuff-main\artifacts\runs\combined_03\fig2b\review.html
C:\Users\jmckenna\dev-ai\chart_extract_v5\testing-stuff-main\data\input\combined_03.pdf,fig2b,b,fig2b:b:co2-333k-94a1f9ba,CO2 333K,101.0091954,kPa,2.19418142,mmol/g,pentagon,solid,#3a3691,false,high,549.39,234.41,assigned_by=color; source=auto,pt-fb11ffea6c42a78e,src-781cf1e958f475b5,CO2,true,Legend entry '333K' under the blue CO2 legend heading; panel caption identifies panel B as CO2 isotherms.,co2_uptake,per gram of sorbent,visible_marker,,,,,,,,C:\Users\jmckenna\dev-ai\chart_extract_v5\testing-stuff-main\artifacts\runs\f2b\fig2b\review.html
C:\Users\jmckenna\dev-ai\chart_extract_v5\testing-stuff-main\data\input\combined_03.pdf,fig2b,b,fig2b:b:co2-333k-94a1f9ba,CO2 333K,86.82320515,kPa,2.13172342,mmol/g,pentagon,solid,#2b3aa2,false,high,487.23000000,243.79000000,assigned_by=color; source=auto,pt-fd9723cc351ea062,src-9e04f187dd8ffb43,CO2,true,Legend entry '333K' under the legend heading 'CO2'; caption identifies panel B as CO2 isotherms from 303 to 373 K.,co2_uptake,per gram of sorbent,visible_marker,,,,,,,,C:\Users\jmckenna\dev-ai\chart_extract_v5\testing-stuff-main\artifacts\runs\combined_03\fig2b\review.html
C:\Users\jmckenna\dev-ai\chart_extract_v5\testing-stuff-main\data\input\combined_03.pdf,fig2b,b,fig2b:b:co2-353k-c3530734,CO2 353K,113.92643678,kPa,1.92039823,mmol/g,diamond,solid,#d13ea1,false,high,605.58,275.66,assigned_by=color; source=auto,pt-05584d9bd978df6d,src-7e9e9d34be0d02f8,CO2,true,Legend entry '353K' under the blue CO2 legend heading; panel caption identifies panel B as CO2 isotherms.,co2_uptake,per gram of sorbent,visible_marker,,,,,,,,C:\Users\jmckenna\dev-ai\chart_extract_v5\testing-stuff-main\artifacts\runs\f2b\fig2b\review.html
C:\Users\jmckenna\dev-ai\chart_extract_v5\testing-stuff-main\data\input\combined_03.pdf,fig2b,b,fig2b:b:co2-353k-c3530734,CO2 353K,100.14960352,kPa,1.86034974,mmol/g,diamond,solid,#d23da1,false,low,545.10000000,284.69000000,overlap_flag=true; assigned_by=color; source=auto,pt-0ec474e550fd74b2,src-9b60af1e5c7ff9cb,CO2,true,Legend entry '353K' under the legend heading 'CO2'; caption identifies panel B as CO2 isotherms from 303 to 373 K.,co2_uptake,per gram of sorbent,partially_visible_marker,,,,,,,,C:\Users\jmckenna\dev-ai\chart_extract_v5\testing-stuff-main\artifacts\runs\combined_03\fig2b\review.html
C:\Users\jmckenna\dev-ai\chart_extract_v5\testing-stuff-main\data\input\combined_03.pdf,fig2b,b,fig2b:b:co2-353k-c3530734,CO2 353K,6.6045977,kPa,0.33086283,mmol/g,diamond,solid,#d13ea1,false,high,138.73,515.15,assigned_by=color; source=auto,pt-10f435e755276a4c,src-0bb570b3650db076,CO2,true,Legend entry '353K' under the blue CO2 legend heading; panel caption identifies panel B as CO2 isotherms.,co2_uptake,per gram of sorbent,visible_marker,,,,,,,,C:\Users\jmckenna\dev-ai\chart_extract_v5\testing-stuff-main\artifacts\runs\f2b\fig2b\review.html
C:\Users\jmckenna\dev-ai\chart_extract_v5\testing-stuff-main\data\input\combined_03.pdf,fig2b,b,fig2b:b:co2-353k-c3530734,CO2 353K,80.01609195,kPa,1.75247788,mmol/g,diamond,solid,#d13ea1,false,high,458.07,300.96,assigned_by=color; source=auto,pt-1bebe41942fd0898,src-d7500d1ff20989d7,CO2,true,Legend entry '353K' under the blue CO2 legend heading; panel caption identifies panel B as CO2 isotherms.,co2_uptake,per gram of sorbent,visible_marker,,,,,,,,C:\Users\jmckenna\dev-ai\chart_extract_v5\testing-stuff-main\artifacts\runs\f2b\fig2b\review.html
C:\Users\jmckenna\dev-ai\chart_extract_v5\testing-stuff-main\data\input\combined_03.pdf,fig2b,b,fig2b:b:co2-353k-c3530734,CO2 353K,26.30519078,kPa,1.07641820,mmol/g,diamond,solid,#d23da1,false,high,224.43000000,402.84000000,assigned_by=color; source=auto,pt-2a04df52df76de09,src-f266db2eb3c05340,CO2,true,Legend entry '353K' under the legend heading 'CO2'; caption identifies panel B as CO2 isotherms from 303 to 373 K.,co2_uptake,per gram of sorbent,visible_marker,,,,,,,,C:\Users\jmckenna\dev-ai\chart_extract_v5\testing-stuff-main\artifacts\runs\combined_03\fig2b\review.html
C:\Users\jmckenna\dev-ai\chart_extract_v5\testing-stuff-main\data\input\combined_03.pdf,fig2b,b,fig2b:b:co2-353k-c3530734,CO2 353K,6.58156852,kPa,0.33143443,mmol/g,diamond,solid,#d23da1,false,medium,138.78000000,515.12000000,assigned_by=color; source=auto,pt-2cb3ede49c98d4bc,src-14a1fe48ea042574,CO2,true,Legend entry '353K' under the legend heading 'CO2'; caption identifies panel B as CO2 isotherms from 303 to 373 K.,co2_uptake,per gram of sorbent,visible_marker,,,,,,,,C:\Users\jmckenna\dev-ai\chart_extract_v5\testing-stuff-main\artifacts\runs\combined_03\fig2b\review.html
C:\Users\jmckenna\dev-ai\chart_extract_v5\testing-stuff-main\data\input\combined_03.pdf,fig2b,b,fig2b:b:co2-353k-c3530734,CO2 353K,73.48989833,kPa,1.71563923,mmol/g,diamond,solid,#d23da1,false,high,429.33000000,306.50000000,assigned_by=color; source=auto,pt-39b01d183af7f076,src-8f2385f17001d219,CO2,true,Legend entry '353K' under the legend heading 'CO2'; caption identifies panel B as CO2 isotherms from 303 to 373 K.,co2_uptake,per gram of sorbent,visible_marker,,,,,,,,C:\Users\jmckenna\dev-ai\chart_extract_v5\testing-stuff-main\artifacts\runs\combined_03\fig2b\review.html
C:\Users\jmckenna\dev-ai\chart_extract_v5\testing-stuff-main\data\input\combined_03.pdf,fig2b,b,fig2b:b:co2-353k-c3530734,CO2 353K,26.4045977,kPa,1.08,mmol/g,diamond,solid,#d13ea1,false,high,224.86,402.28,assigned_by=color; source=auto,pt-3c196594cb720eac,src-3f715edfed28c453,CO2,true,Legend entry '353K' under the blue CO2 legend heading; panel caption identifies panel B as CO2 isotherms.,co2_uptake,per gram of sorbent,visible_marker,,,,,,,,C:\Users\jmckenna\dev-ai\chart_extract_v5\testing-stuff-main\artifacts\runs\f2b\fig2b\review.html
C:\Users\jmckenna\dev-ai\chart_extract_v5\testing-stuff-main\data\input\combined_03.pdf,fig2b,b,fig2b:b:co2-353k-c3530734,CO2 353K,3.44367816,kPa,0.17747788,mmol/g,diamond,solid,#d13ea1,false,high,124.98,538.26,assigned_by=color; source=auto,pt-3dbd5044bb89b7aa,src-ffaf8ef68d5aa2ff,CO2,true,Legend entry '353K' under the blue CO2 legend heading; panel caption identifies panel B as CO2 isotherms.,co2_uptake,per gram of sorbent,visible_marker,,,,,,,,C:\Users\jmckenna\dev-ai\chart_extract_v5\testing-stuff-main\artifacts\runs\f2b\fig2b\review.html
C:\Users\jmckenna\dev-ai\chart_extract_v5\testing-stuff-main\data\input\combined_03.pdf,fig2b,b,fig2b:b:co2-353k-c3530734,CO2 353K,80.01607994,kPa,1.75544955,mmol/g,diamond,solid,#d23da1,false,high,457.67000000,300.50000000,assigned_by=color; source=auto,pt-3fcfe0d261c51eaa,src-b24fa12cf5d0ebd4,CO2,true,Legend entry '353K' under the legend heading 'CO2'; caption identifies panel B as CO2 isotherms from 303 to 373 K.,co2_uptake,per gram of sorbent,visible_marker,,,,,,,,C:\Users\jmckenna\dev-ai\chart_extract_v5\testing-stuff-main\artifacts\runs\combined_03\fig2b\review.html
C:\Users\jmckenna\dev-ai\chart_extract_v5\testing-stuff-main\data\input\combined_03.pdf,fig2b,b,fig2b:b:co2-353k-c3530734,CO2 353K,46.84170723,kPa,1.46211385,mmol/g,diamond,solid,#d23da1,false,high,313.61000000,344.71000000,assigned_by=color; source=auto,pt-40495030c94065e4,src-f1273729193543b2,CO2,true,Legend entry '353K' under the legend heading 'CO2'; caption identifies panel B as CO2 isotherms from 303 to 373 K.,co2_uptake,per gram of sorbent,visible_marker,,,,,,,,C:\Users\jmckenna\dev-ai\chart_extract_v5\testing-stuff-main\artifacts\runs\combined_03\fig2b\review.html
C:\Users\jmckenna\dev-ai\chart_extract_v5\testing-stuff-main\data\input\combined_03.pdf,fig2b,b,fig2b:b:co2-353k-c3530734,CO2 353K,52.95632184,kPa,1.53982301,mmol/g,diamond,solid,#d13ea1,false,high,340.36,333,assigned_by=color; source=auto,pt-40c1e315b21542ca,src-5eb532ff38977e69,CO2,true,Legend entry '353K' under the blue CO2 legend heading; panel caption identifies panel B as CO2 isotherms.,co2_uptake,per gram of sorbent,visible_marker,,,,,,,,C:\Users\jmckenna\dev-ai\chart_extract_v5\testing-stuff-main\artifacts\runs\f2b\fig2b\review.html
C:\Users\jmckenna\dev-ai\chart_extract_v5\testing-stuff-main\data\input\combined_03.pdf,fig2b,b,fig2b:b:co2-353k-c3530734,CO2 353K,3.45664670,kPa,0.18134953,mmol/g,diamond,solid,#d23da1,false,high,125.21000000,537.74000000,assigned_by=color; source=auto,pt-58eee42e7a8f8ffd,src-9c2010c7f6e29587,CO2,true,Legend entry '353K' under the legend heading 'CO2'; caption identifies panel B as CO2 isotherms from 303 to 373 K.,co2_uptake,per gram of sorbent,visible_marker,,,,,,,,C:\Users\jmckenna\dev-ai\chart_extract_v5\testing-stuff-main\artifacts\runs\combined_03\fig2b\review.html
C:\Users\jmckenna\dev-ai\chart_extract_v5\testing-stuff-main\data\input\combined_03.pdf,fig2b,b,fig2b:b:co2-353k-c3530734,CO2 353K,19.34942529,kPa,0.86024336,mmol/g,diamond,solid,#d13ea1,false,high,194.17,435.39,overlap_flag=true; assigned_by=color; source=auto,pt-5b45d8d136fa643f,src-d8e15c2b14cbbc9b,CO2,true,Legend entry '353K' under the blue CO2 legend heading; panel caption identifies panel B as CO2 isotherms.,co2_uptake,per gram of sorbent,partially_visible_marker,,,,,,,,C:\Users\jmckenna\dev-ai\chart_extract_v5\testing-stuff-main\artifacts\runs\f2b\fig2b\review.html
C:\Users\jmckenna\dev-ai\chart_extract_v5\testing-stuff-main\data\input\combined_03.pdf,fig2b,b,fig2b:b:co2-353k-c3530734,CO2 353K,33.02480897,kPa,1.23652204,mmol/g,diamond,solid,#d23da1,false,high,253.61000000,378.71000000,assigned_by=color; source=auto,pt-5cf42c860660ecd0,src-892b3dcbe7723658,CO2,true,Legend entry '353K' under the legend heading 'CO2'; caption identifies panel B as CO2 isotherms from 303 to 373 K.,co2_uptake,per gram of sorbent,visible_marker,,,,,,,,C:\Users\jmckenna\dev-ai\chart_extract_v5\testing-stuff-main\artifacts\runs\combined_03\fig2b\review.html
C:\Users\jmckenna\dev-ai\chart_extract_v5\testing-stuff-main\data\input\combined_03.pdf,fig2b,b,fig2b:b:co2-353k-c3530734,CO2 353K,101.37470183,kPa,1.87594211,mmol/g,diamond,solid,#d23da1,false,high,550.42000000,282.34000000,assigned_by=color; source=auto,pt-674d535d39691215,src-11cafd26e69d76d1,CO2,true,Legend entry '353K' under the legend heading 'CO2'; caption identifies panel B as CO2 isotherms from 303 to 373 K.,co2_uptake,per gram of sorbent,visible_marker,,,,,,,,C:\Users\jmckenna\dev-ai\chart_extract_v5\testing-stuff-main\artifacts\runs\combined_03\fig2b\review.html
C:\Users\jmckenna\dev-ai\chart_extract_v5\testing-stuff-main\data\input\combined_03.pdf,fig2b,b,fig2b:b:co2-353k-c3530734,CO2 353K,59.94022989,kPa,1.60095133,mmol/g,diamond,solid,#d13ea1,false,high,370.74,323.79,assigned_by=color; source=auto,pt-7953a9a0bf25933a,src-f9567ce188d0ba23,CO2,true,Legend entry '353K' under the blue CO2 legend heading; panel caption identifies panel B as CO2 isotherms.,co2_uptake,per gram of sorbent,visible_marker,,,,,,,,C:\Users\jmckenna\dev-ai\chart_extract_v5\testing-stuff-main\artifacts\runs\f2b\fig2b\review.html
C:\Users\jmckenna\dev-ai\chart_extract_v5\testing-stuff-main\data\input\combined_03.pdf,fig2b,b,fig2b:b:co2-353k-c3530734,CO2 353K,60.15198588,kPa,1.60722246,mmol/g,diamond,solid,#d23da1,false,high,371.41000000,322.84000000,assigned_by=color; source=auto,pt-7979ff1c3426cc72,src-aaed450009397580,CO2,true,Legend entry '353K' under the legend heading 'CO2'; caption identifies panel B as CO2 isotherms from 303 to 373 K.,co2_uptake,per gram of sorbent,visible_marker,,,,,,,,C:\Users\jmckenna\dev-ai\chart_extract_v5\testing-stuff-main\artifacts\runs\combined_03\fig2b\review.html
C:\Users\jmckenna\dev-ai\chart_extract_v5\testing-stuff-main\data\input\combined_03.pdf,fig2b,b,fig2b:b:co2-353k-c3530734,CO2 353K,0,kPa,0,mmol/g,diamond,solid,#d13ea1,true,low,110,565,"evidence_kind=estimated; evidence_ref=panel.png; source_evidence=Native ROI x=104-117 y=553-570 shows all six eligible colored/black series converging at the calibrated in-frame linear (0,0) origin, but individual first glyphs are unresolved; shared-origin assumption used; origin_estimate=true; overlap_flag=true; uncertainty_px=10; source=agent04",pt-8a9c33230c8f3649,src-9a27afe35d69a330,CO2,true,Legend entry '353K' under the blue CO2 legend heading; panel caption identifies panel B as CO2 isotherms.,co2_uptake,per gram of sorbent,estimated_marker,,,,,,2.29885057,0.06637168,C:\Users\jmckenna\dev-ai\chart_extract_v5\testing-stuff-main\artifacts\runs\f2b\fig2b\review.html
C:\Users\jmckenna\dev-ai\chart_extract_v5\testing-stuff-main\data\input\combined_03.pdf,fig2b,b,fig2b:b:co2-353k-c3530734,CO2 353K,46.85057471,kPa,1.45918142,mmol/g,diamond,solid,#d13ea1,false,high,313.8,345.15,assigned_by=color; source=auto,pt-8f3391452d8a4a9d,src-95af0540bb654ccf,CO2,true,Legend entry '353K' under the blue CO2 legend heading; panel caption identifies panel B as CO2 isotherms.,co2_uptake,per gram of sorbent,visible_marker,,,,,,,,C:\Users\jmckenna\dev-ai\chart_extract_v5\testing-stuff-main\artifacts\runs\f2b\fig2b\review.html
C:\Users\jmckenna\dev-ai\chart_extract_v5\testing-stuff-main\data\input\combined_03.pdf,fig2b,b,fig2b:b:co2-353k-c3530734,CO2 353K,93.51518954,kPa,1.82544936,mmol/g,diamond,solid,#d23da1,false,high,516.29000000,289.95000000,assigned_by=color; source=auto,pt-9316b526f97abd59,src-e0a7685dbf502767,CO2,true,Legend entry '353K' under the legend heading 'CO2'; caption identifies panel B as CO2 isotherms from 303 to 373 K.,co2_uptake,per gram of sorbent,visible_marker,,,,,,,,C:\Users\jmckenna\dev-ai\chart_extract_v5\testing-stuff-main\artifacts\runs\combined_03\fig2b\review.html
C:\Users\jmckenna\dev-ai\chart_extract_v5\testing-stuff-main\data\input\combined_03.pdf,fig2b,b,fig2b:b:co2-353k-c3530734,CO2 353K,19.41286137,kPa,0.87630500,mmol/g,diamond,solid,#d23da1,false,high,194.50000000,433.00000000,assigned_by=color; source=auto,pt-9683a104811a2496,src-04d0796adf7c0a7e,CO2,true,Legend entry '353K' under the legend heading 'CO2'; caption identifies panel B as CO2 isotherms from 303 to 373 K.,co2_uptake,per gram of sorbent,visible_marker,,,,,,,,C:\Users\jmckenna\dev-ai\chart_extract_v5\testing-stuff-main\artifacts\runs\combined_03\fig2b\review.html
C:\Users\jmckenna\dev-ai\chart_extract_v5\testing-stuff-main\data\input\combined_03.pdf,fig2b,b,fig2b:b:co2-353k-c3530734,CO2 353K,52.91883964,kPa,1.53981032,mmol/g,diamond,solid,#d23da1,false,high,340.00000000,333.00000000,assigned_by=color; source=auto,pt-9a1d90e3db682ef5,src-363b4d612b9ccad6,CO2,true,Legend entry '353K' under the legend heading 'CO2'; caption identifies panel B as CO2 isotherms from 303 to 373 K.,co2_uptake,per gram of sorbent,visible_marker,,,,,,,,C:\Users\jmckenna\dev-ai\chart_extract_v5\testing-stuff-main\artifacts\runs\combined_03\fig2b\review.html
C:\Users\jmckenna\dev-ai\chart_extract_v5\testing-stuff-main\data\input\combined_03.pdf,fig2b,b,fig2b:b:co2-353k-c3530734,CO2 353K,0.00000000,kPa,0.00000000,mmol/g,diamond,solid,#d23da1,true,low,110.19948187,565.07203791,"source=agent04; evidence_kind=estimated; evidence_ref=panel.png; source_evidence=all six eligible CO2 series visibly converge into the calibrated in-frame linear-axis origin, but individual first glyphs are unresolved in the shared crowded ink; shared-origin assumption only; uncertainty_px=6.0; origin_estimate=true; overlap_flag=true",pt-a04-origin-353k,src-a04-origin-353k,CO2,true,Legend entry '353K' under the legend heading 'CO2'; caption identifies panel B as CO2 isotherms from 303 to 373 K.,co2_uptake,per gram of sorbent,estimated_marker,,,,,,1.38168983,0.03981032,C:\Users\jmckenna\dev-ai\chart_extract_v5\testing-stuff-main\artifacts\runs\combined_03\fig2b\review.html
C:\Users\jmckenna\dev-ai\chart_extract_v5\testing-stuff-main\data\input\combined_03.pdf,fig2b,b,fig2b:b:co2-353k-c3530734,CO2 353K,106.90606677,kPa,1.88921222,mmol/g,diamond,solid,#d23da1,false,high,574.44000000,280.34000000,assigned_by=color; source=auto,pt-a9d006737ee22588,src-0be628aafbe18a1c,CO2,true,Legend entry '353K' under the legend heading 'CO2'; caption identifies panel B as CO2 isotherms from 303 to 373 K.,co2_uptake,per gram of sorbent,visible_marker,,,,,,,,C:\Users\jmckenna\dev-ai\chart_extract_v5\testing-stuff-main\artifacts\runs\combined_03\fig2b\review.html
C:\Users\jmckenna\dev-ai\chart_extract_v5\testing-stuff-main\data\input\combined_03.pdf,fig2b,b,fig2b:b:co2-353k-c3530734,CO2 353K,73.33333333,kPa,1.71570796,mmol/g,diamond,solid,#d13ea1,false,high,429,306.5,assigned_by=color; source=auto,pt-af7817995cda51d2,src-64a0f1e90b58e835,CO2,true,Legend entry '353K' under the blue CO2 legend heading; panel caption identifies panel B as CO2 isotherms.,co2_uptake,per gram of sorbent,visible_marker,,,,,,,,C:\Users\jmckenna\dev-ai\chart_extract_v5\testing-stuff-main\artifacts\runs\f2b\fig2b\review.html
C:\Users\jmckenna\dev-ai\chart_extract_v5\testing-stuff-main\data\input\combined_03.pdf,fig2b,b,fig2b:b:co2-353k-c3530734,CO2 353K,66.62059708,kPa,1.66587633,mmol/g,diamond,solid,#d23da1,false,high,399.50000000,314.00000000,assigned_by=color; source=auto,pt-b409b91938815ae3,src-413335bba34cba4a,CO2,true,Legend entry '353K' under the legend heading 'CO2'; caption identifies panel B as CO2 isotherms from 303 to 373 K.,co2_uptake,per gram of sorbent,visible_marker,,,,,,,,C:\Users\jmckenna\dev-ai\chart_extract_v5\testing-stuff-main\artifacts\runs\combined_03\fig2b\review.html
C:\Users\jmckenna\dev-ai\chart_extract_v5\testing-stuff-main\data\input\combined_03.pdf,fig2b,b,fig2b:b:co2-353k-c3530734,CO2 353K,114.05861443,kPa,1.92132588,mmol/g,diamond,solid,#d23da1,false,high,605.50000000,275.50000000,assigned_by=color; source=auto,pt-b91eaadc4a577f23,src-6d0766cf4df49704,CO2,true,Legend entry '353K' under the legend heading 'CO2'; caption identifies panel B as CO2 isotherms from 303 to 373 K.,co2_uptake,per gram of sorbent,visible_marker,,,,,,,,C:\Users\jmckenna\dev-ai\chart_extract_v5\testing-stuff-main\artifacts\runs\combined_03\fig2b\review.html
C:\Users\jmckenna\dev-ai\chart_extract_v5\testing-stuff-main\data\input\combined_03.pdf,fig2b,b,fig2b:b:co2-353k-c3530734,CO2 353K,106.75172414,kPa,1.88634956,mmol/g,diamond,solid,#d13ea1,false,high,574.37,280.79,assigned_by=color; source=auto,pt-bfe8cce66a617b09,src-60d69ee39c2b7ed7,CO2,true,Legend entry '353K' under the blue CO2 legend heading; panel caption identifies panel B as CO2 isotherms.,co2_uptake,per gram of sorbent,visible_marker,,,,,,,,C:\Users\jmckenna\dev-ai\chart_extract_v5\testing-stuff-main\artifacts\runs\f2b\fig2b\review.html
C:\Users\jmckenna\dev-ai\chart_extract_v5\testing-stuff-main\data\input\combined_03.pdf,fig2b,b,fig2b:b:co2-353k-c3530734,CO2 353K,13.17683462,kPa,0.63518717,mmol/g,diamond,solid,#d23da1,false,high,167.42000000,469.34000000,assigned_by=color; source=auto,pt-c29ddf583cb5bb14,src-031162b8f22ed0a1,CO2,true,Legend entry '353K' under the legend heading 'CO2'; caption identifies panel B as CO2 isotherms from 303 to 373 K.,co2_uptake,per gram of sorbent,visible_marker,,,,,,,,C:\Users\jmckenna\dev-ai\chart_extract_v5\testing-stuff-main\artifacts\runs\combined_03\fig2b\review.html
C:\Users\jmckenna\dev-ai\chart_extract_v5\testing-stuff-main\data\input\combined_03.pdf,fig2b,b,fig2b:b:co2-353k-c3530734,CO2 353K,66.55172414,kPa,1.66924779,mmol/g,diamond,solid,#d13ea1,false,high,399.5,313.5,assigned_by=color; source=auto,pt-cdcbb63f6ea9cc96,src-658afa8dd85ecc69,CO2,true,Legend entry '353K' under the blue CO2 legend heading; panel caption identifies panel B as CO2 isotherms.,co2_uptake,per gram of sorbent,visible_marker,,,,,,,,C:\Users\jmckenna\dev-ai\chart_extract_v5\testing-stuff-main\artifacts\runs\f2b\fig2b\review.html
C:\Users\jmckenna\dev-ai\chart_extract_v5\testing-stuff-main\data\input\combined_03.pdf,fig2b,b,fig2b:b:co2-353k-c3530734,CO2 353K,86.48965517,kPa,1.79853982,mmol/g,diamond,solid,#d13ea1,false,high,486.23,294.02,assigned_by=color; source=auto,pt-d21e0d2c1c6d92d6,src-91f39c338ef2cf8d,CO2,true,Legend entry '353K' under the blue CO2 legend heading; panel caption identifies panel B as CO2 isotherms.,co2_uptake,per gram of sorbent,visible_marker,,,,,,,,C:\Users\jmckenna\dev-ai\chart_extract_v5\testing-stuff-main\artifacts\runs\f2b\fig2b\review.html
C:\Users\jmckenna\dev-ai\chart_extract_v5\testing-stuff-main\data\input\combined_03.pdf,fig2b,b,fig2b:b:co2-353k-c3530734,CO2 353K,101.23448276,kPa,1.87307522,mmol/g,diamond,solid,#d13ea1,false,high,550.37,282.79,assigned_by=color; source=auto,pt-e5777056e6628a21,src-42d8dec1d8687ece,CO2,true,Legend entry '353K' under the blue CO2 legend heading; panel caption identifies panel B as CO2 isotherms.,co2_uptake,per gram of sorbent,visible_marker,,,,,,,,C:\Users\jmckenna\dev-ai\chart_extract_v5\testing-stuff-main\artifacts\runs\f2b\fig2b\review.html
C:\Users\jmckenna\dev-ai\chart_extract_v5\testing-stuff-main\data\input\combined_03.pdf,fig2b,b,fig2b:b:co2-353k-c3530734,CO2 353K,39.98622287,kPa,1.36510937,mmol/g,diamond,solid,#d23da1,false,high,283.84000000,359.33000000,assigned_by=color; source=auto,pt-f020a9f79f09c580,src-da19a36087fb8119,CO2,true,Legend entry '353K' under the legend heading 'CO2'; caption identifies panel B as CO2 isotherms from 303 to 373 K.,co2_uptake,per gram of sorbent,visible_marker,,,,,,,,C:\Users\jmckenna\dev-ai\chart_extract_v5\testing-stuff-main\artifacts\runs\combined_03\fig2b\review.html
C:\Users\jmckenna\dev-ai\chart_extract_v5\testing-stuff-main\data\input\combined_03.pdf,fig2b,b,fig2b:b:co2-353k-c3530734,CO2 353K,86.67352209,kPa,1.78968642,mmol/g,diamond,solid,#d23da1,false,high,486.58000000,295.34000000,assigned_by=color; source=auto,pt-f369fe5ddb64e35d,src-437e6185eae520ae,CO2,true,Legend entry '353K' under the legend heading 'CO2'; caption identifies panel B as CO2 isotherms from 303 to 373 K.,co2_uptake,per gram of sorbent,visible_marker,,,,,,,,C:\Users\jmckenna\dev-ai\chart_extract_v5\testing-stuff-main\artifacts\runs\combined_03\fig2b\review.html
C:\Users\jmckenna\dev-ai\chart_extract_v5\testing-stuff-main\data\input\combined_03.pdf,fig2b,b,fig2b:b:co2-373k-9f2f766d,CO2 373K,46.55172414,kPa,0.9789823,mmol/g,star,solid,#060707,false,high,312.5,417.5,assigned_by=color; source=auto,pt-010c48e9c6bf6e63,src-98f204d7c131c5dc,CO2,true,Legend entry '373K' under the blue CO2 legend heading; panel caption identifies panel B as CO2 isotherms.,co2_uptake,per gram of sorbent,visible_marker,,,,,,,,C:\Users\jmckenna\dev-ai\chart_extract_v5\testing-stuff-main\artifacts\runs\f2b\fig2b\review.html
C:\Users\jmckenna\dev-ai\chart_extract_v5\testing-stuff-main\data\input\combined_03.pdf,fig2b,b,fig2b:b:co2-373k-9f2f766d,CO2 373K,79.85027716,kPa,1.34600042,mmol/g,star,solid,#020202,false,high,456.95000000,362.21000000,assigned_by=color; source=auto,pt-06e2893bd500d00d,src-e5633d732418f43c,CO2,true,Legend entry '373K' under the legend heading 'CO2'; caption identifies panel B as CO2 isotherms from 303 to 373 K.,co2_uptake,per gram of sorbent,visible_marker,,,,,,,,C:\Users\jmckenna\dev-ai\chart_extract_v5\testing-stuff-main\artifacts\runs\combined_03\fig2b\review.html
C:\Users\jmckenna\dev-ai\chart_extract_v5\testing-stuff-main\data\input\combined_03.pdf,fig2b,b,fig2b:b:co2-373k-9f2f766d,CO2 373K,19.98856546,kPa,0.48616387,mmol/g,star,solid,#020202,true,low,197.00000000,491.80000000,"source=agent04; evidence_kind=estimated; evidence_ref=panel.png; source_evidence=native ROI x=111..228 y=459..566 contains fused CO2 373K star-width black ink leading to the localized endpoint star at (224.96,469.15); center (197.00,491.80) is the bounded marker-sequence hypothesis within that band, while a line-only interpretation is the material alternative; uncertainty_px=7.0; overlap_flag=true",pt-099df5844666a8c8,src-8073721112ed96de,CO2,true,Legend entry '373K' under the legend heading 'CO2'; caption identifies panel B as CO2 isotherms from 303 to 373 K.,co2_uptake,per gram of sorbent,estimated_marker,,,,,,1.61197146,0.04644537,C:\Users\jmckenna\dev-ai\chart_extract_v5\testing-stuff-main\artifacts\runs\combined_03\fig2b\review.html
C:\Users\jmckenna\dev-ai\chart_extract_v5\testing-stuff-main\data\input\combined_03.pdf,fig2b,b,fig2b:b:co2-373k-9f2f766d,CO2 373K,7.50730070,kPa,0.18625947,mmol/g,star,solid,#020202,true,low,142.80000000,537.00000000,"source=agent04; evidence_kind=estimated; evidence_ref=panel.png; source_evidence=native ROI x=111..228 y=459..566 contains fused CO2 373K star-width black ink leading to the localized endpoint star at (224.96,469.15); center (142.80,537.00) is the bounded marker-sequence hypothesis within that band, while a line-only interpretation is the material alternative; uncertainty_px=7.0; overlap_flag=true",pt-09fe284175c1648b,src-223b54d6362ab448,CO2,true,Legend entry '373K' under the legend heading 'CO2'; caption identifies panel B as CO2 isotherms from 303 to 373 K.,co2_uptake,per gram of sorbent,estimated_marker,,,,,,1.61197146,0.04644537,C:\Users\jmckenna\dev-ai\chart_extract_v5\testing-stuff-main\artifacts\runs\combined_03\fig2b\review.html
C:\Users\jmckenna\dev-ai\chart_extract_v5\testing-stuff-main\data\input\combined_03.pdf,fig2b,b,fig2b:b:co2-373k-9f2f766d,CO2 373K,2.75862069,kPa,0.05973451,mmol/g,star,solid,#060707,true,low,122,556,"evidence_kind=estimated; evidence_ref=panel.png; source_evidence=Black marker-bearing fused diagonal in native ROI x=108-238 y=458-568 is approximately one star-glyph wide and continues into the first resolved black star; selected 5 non-origin instances versus competing count 4, with source-based center (122.0,556.0) assigned to CO2 373K; overlap_flag=true; uncertainty_px=7; source=agent04",pt-11cb355045ad5a1e,src-d0f7767e21722182,CO2,true,Legend entry '373K' under the blue CO2 legend heading; panel caption identifies panel B as CO2 isotherms.,co2_uptake,per gram of sorbent,estimated_marker,,,,,,1.6091954,0.04646018,C:\Users\jmckenna\dev-ai\chart_extract_v5\testing-stuff-main\artifacts\runs\f2b\fig2b\review.html
C:\Users\jmckenna\dev-ai\chart_extract_v5\testing-stuff-main\data\input\combined_03.pdf,fig2b,b,fig2b:b:co2-373k-9f2f766d,CO2 373K,13.49462328,kPa,0.33554816,mmol/g,star,solid,#020202,true,low,168.80000000,514.50000000,"source=agent04; evidence_kind=estimated; evidence_ref=panel.png; source_evidence=native ROI x=111..228 y=459..566 contains fused CO2 373K star-width black ink leading to the localized endpoint star at (224.96,469.15); center (168.80,514.50) is the bounded marker-sequence hypothesis within that band, while a line-only interpretation is the material alternative; uncertainty_px=7.0; overlap_flag=true",pt-1c9d950803312c5b,src-42e0e026557374fb,CO2,true,Legend entry '373K' under the legend heading 'CO2'; caption identifies panel B as CO2 isotherms from 303 to 373 K.,co2_uptake,per gram of sorbent,estimated_marker,,,,,,1.61197146,0.04644537,C:\Users\jmckenna\dev-ai\chart_extract_v5\testing-stuff-main\artifacts\runs\combined_03\fig2b\review.html
C:\Users\jmckenna\dev-ai\chart_extract_v5\testing-stuff-main\data\input\combined_03.pdf,fig2b,b,fig2b:b:co2-373k-9f2f766d,CO2 373K,113.10344828,kPa,1.55309735,mmol/g,star,solid,#060707,false,high,602,331,assigned_by=color; source=auto,pt-2008a6db3274d473,src-4096784540c1e0e8,CO2,true,Legend entry '373K' under the blue CO2 legend heading; panel caption identifies panel B as CO2 isotherms.,co2_uptake,per gram of sorbent,visible_marker,,,,,,,,C:\Users\jmckenna\dev-ai\chart_extract_v5\testing-stuff-main\artifacts\runs\f2b\fig2b\review.html
C:\Users\jmckenna\dev-ai\chart_extract_v5\testing-stuff-main\data\input\combined_03.pdf,fig2b,b,fig2b:b:co2-373k-9f2f766d,CO2 373K,59.88505747,kPa,1.15154867,mmol/g,star,solid,#060707,false,high,370.5,391.5,assigned_by=color; source=auto,pt-21636cd36abf4624,src-c557ac29a6748085,CO2,true,Legend entry '373K' under the blue CO2 legend heading; panel caption identifies panel B as CO2 isotherms.,co2_uptake,per gram of sorbent,visible_marker,,,,,,,,C:\Users\jmckenna\dev-ai\chart_extract_v5\testing-stuff-main\artifacts\runs\f2b\fig2b\review.html
C:\Users\jmckenna\dev-ai\chart_extract_v5\testing-stuff-main\data\input\combined_03.pdf,fig2b,b,fig2b:b:co2-373k-9f2f766d,CO2 373K,66.63218391,kPa,1.22362832,mmol/g,star,solid,#060707,false,high,399.85,380.64,assigned_by=color; source=auto,pt-234cd3294af2565f,src-4f3cd8d83ee26235,CO2,true,Legend entry '373K' under the blue CO2 legend heading; panel caption identifies panel B as CO2 isotherms.,co2_uptake,per gram of sorbent,visible_marker,,,,,,,,C:\Users\jmckenna\dev-ai\chart_extract_v5\testing-stuff-main\artifacts\runs\f2b\fig2b\review.html
C:\Users\jmckenna\dev-ai\chart_extract_v5\testing-stuff-main\data\input\combined_03.pdf,fig2b,b,fig2b:b:co2-373k-9f2f766d,CO2 373K,60.02302816,kPa,1.15212416,mmol/g,star,solid,#020202,false,high,370.85000000,391.43000000,assigned_by=color; source=auto,pt-3729bdf5ffd863ab,src-06faa758d0a7f1d6,CO2,true,Legend entry '373K' under the legend heading 'CO2'; caption identifies panel B as CO2 isotherms from 303 to 373 K.,co2_uptake,per gram of sorbent,visible_marker,,,,,,,,C:\Users\jmckenna\dev-ai\chart_extract_v5\testing-stuff-main\artifacts\runs\combined_03\fig2b\review.html
C:\Users\jmckenna\dev-ai\chart_extract_v5\testing-stuff-main\data\input\combined_03.pdf,fig2b,b,fig2b:b:co2-373k-9f2f766d,CO2 373K,66.71040692,kPa,1.22564055,mmol/g,star,solid,#020202,false,high,399.89000000,380.35000000,assigned_by=color; source=auto,pt-3c17d381af47e6d2,src-ab044d40373c3a59,CO2,true,Legend entry '373K' under the legend heading 'CO2'; caption identifies panel B as CO2 isotherms from 303 to 373 K.,co2_uptake,per gram of sorbent,visible_marker,,,,,,,,C:\Users\jmckenna\dev-ai\chart_extract_v5\testing-stuff-main\artifacts\runs\combined_03\fig2b\review.html
C:\Users\jmckenna\dev-ai\chart_extract_v5\testing-stuff-main\data\input\combined_03.pdf,fig2b,b,fig2b:b:co2-373k-9f2f766d,CO2 373K,113.26874842,kPa,1.55308043,mmol/g,star,solid,#020202,false,high,602.07000000,331.00000000,"source=agent04; evidence_kind=native_visible; evidence_ref=panel.png; source_evidence=native ROI x=590..615 y=318..344 contains one symmetric CO2 373K star centered at (602.07,331.00); the two Agent 03 arm-centroids were one glyph, not two markers; uncertainty_px=1.0; overlap_flag=false",pt-3c599bec5e9fac8b,src-f6b35b68d2109c4f,CO2,true,Legend entry '373K' under the legend heading 'CO2'; caption identifies panel B as CO2 isotherms from 303 to 373 K.,co2_uptake,per gram of sorbent,visible_marker,,,,,,0.23028164,0.00663505,C:\Users\jmckenna\dev-ai\chart_extract_v5\testing-stuff-main\artifacts\runs\combined_03\fig2b\review.html
C:\Users\jmckenna\dev-ai\chart_extract_v5\testing-stuff-main\data\input\combined_03.pdf,fig2b,b,fig2b:b:co2-373k-9f2f766d,CO2 373K,6.66666667,kPa,0.16261062,mmol/g,star,solid,#060707,true,low,139,540.5,"evidence_kind=estimated; evidence_ref=panel.png; source_evidence=Black marker-bearing fused diagonal in native ROI x=108-238 y=458-568 is approximately one star-glyph wide and continues into the first resolved black star; selected 5 non-origin instances versus competing count 4, with source-based center (139.0,540.5) assigned to CO2 373K; overlap_flag=true; uncertainty_px=7; source=agent04",pt-3f2dbf9886e8ed54,src-dac3b1f65704711f,CO2,true,Legend entry '373K' under the blue CO2 legend heading; panel caption identifies panel B as CO2 isotherms.,co2_uptake,per gram of sorbent,estimated_marker,,,,,,1.6091954,0.04646018,C:\Users\jmckenna\dev-ai\chart_extract_v5\testing-stuff-main\artifacts\runs\f2b\fig2b\review.html
C:\Users\jmckenna\dev-ai\chart_extract_v5\testing-stuff-main\data\input\combined_03.pdf,fig2b,b,fig2b:b:co2-373k-9f2f766d,CO2 373K,101.50826518,kPa,1.48772515,mmol/g,star,solid,#020202,false,medium,551.00000000,340.85000000,overlap_flag=true; assigned_by=color; source=auto,pt-43b0d5ffa0c39b18,src-7bba8e4a9cbc0e06,CO2,true,Legend entry '373K' under the legend heading 'CO2'; caption identifies panel B as CO2 isotherms from 303 to 373 K.,co2_uptake,per gram of sorbent,partially_visible_marker,,,,,,,,C:\Users\jmckenna\dev-ai\chart_extract_v5\testing-stuff-main\artifacts\runs\combined_03\fig2b\review.html
C:\Users\jmckenna\dev-ai\chart_extract_v5\testing-stuff-main\data\input\combined_03.pdf,fig2b,b,fig2b:b:co2-373k-9f2f766d,CO2 373K,53.30114943,kPa,1.06752212,mmol/g,star,solid,#060707,false,high,341.86,404.16,assigned_by=color; source=auto,pt-49bbdd00a85a8241,src-cd481152de1856d3,CO2,true,Legend entry '373K' under the blue CO2 legend heading; panel caption identifies panel B as CO2 isotherms.,co2_uptake,per gram of sorbent,visible_marker,,,,,,,,C:\Users\jmckenna\dev-ai\chart_extract_v5\testing-stuff-main\artifacts\runs\f2b\fig2b\review.html
C:\Users\jmckenna\dev-ai\chart_extract_v5\testing-stuff-main\data\input\combined_03.pdf,fig2b,b,fig2b:b:co2-373k-9f2f766d,CO2 373K,19.77011494,kPa,0.47787611,mmol/g,star,solid,#060707,true,low,196,493,"evidence_kind=estimated; evidence_ref=panel.png; source_evidence=Black marker-bearing fused diagonal in native ROI x=108-238 y=458-568 is approximately one star-glyph wide and continues into the first resolved black star; selected 5 non-origin instances versus competing count 4, with source-based center (196.0,493.0) assigned to CO2 373K; overlap_flag=true; uncertainty_px=7; source=agent04",pt-507db687cf299cd7,src-22341c0bb114d036,CO2,true,Legend entry '373K' under the blue CO2 legend heading; panel caption identifies panel B as CO2 isotherms.,co2_uptake,per gram of sorbent,estimated_marker,,,,,,1.6091954,0.04646018,C:\Users\jmckenna\dev-ai\chart_extract_v5\testing-stuff-main\artifacts\runs\f2b\fig2b\review.html
C:\Users\jmckenna\dev-ai\chart_extract_v5\testing-stuff-main\data\input\combined_03.pdf,fig2b,b,fig2b:b:co2-373k-9f2f766d,CO2 373K,73.36551724,kPa,1.2820354,mmol/g,star,solid,#060707,false,high,429.14,371.84,assigned_by=color; source=auto,pt-58e950c3df562254,src-3bfcd720b3019830,CO2,true,Legend entry '373K' under the blue CO2 legend heading; panel caption identifies panel B as CO2 isotherms.,co2_uptake,per gram of sorbent,visible_marker,,,,,,,,C:\Users\jmckenna\dev-ai\chart_extract_v5\testing-stuff-main\artifacts\runs\f2b\fig2b\review.html
C:\Users\jmckenna\dev-ai\chart_extract_v5\testing-stuff-main\data\input\combined_03.pdf,fig2b,b,fig2b:b:co2-373k-9f2f766d,CO2 373K,86.85314176,kPa,1.39337469,mmol/g,star,solid,#020202,false,high,487.36000000,355.07000000,assigned_by=color; source=auto,pt-6145a0a58792cb5f,src-3be933127767722a,CO2,true,Legend entry '373K' under the legend heading 'CO2'; caption identifies panel B as CO2 isotherms from 303 to 373 K.,co2_uptake,per gram of sorbent,visible_marker,,,,,,,,C:\Users\jmckenna\dev-ai\chart_extract_v5\testing-stuff-main\artifacts\runs\combined_03\fig2b\review.html
C:\Users\jmckenna\dev-ai\chart_extract_v5\testing-stuff-main\data\input\combined_03.pdf,fig2b,b,fig2b:b:co2-373k-9f2f766d,CO2 373K,33.35180889,kPa,0.76350909,mmol/g,star,solid,#020202,false,high,255.03000000,450.00000000,overlap_flag=true; assigned_by=color; source=auto,pt-80179c0fbe2f252b,src-2686e77083a9fc5a,CO2,true,Legend entry '373K' under the legend heading 'CO2'; caption identifies panel B as CO2 isotherms from 303 to 373 K.,co2_uptake,per gram of sorbent,partially_visible_marker,,,,,,,,C:\Users\jmckenna\dev-ai\chart_extract_v5\testing-stuff-main\artifacts\runs\combined_03\fig2b\review.html
C:\Users\jmckenna\dev-ai\chart_extract_v5\testing-stuff-main\data\input\combined_03.pdf,fig2b,b,fig2b:b:co2-373k-9f2f766d,CO2 373K,106.63663725,kPa,1.51844545,mmol/g,star,solid,#020202,false,high,573.27000000,336.22000000,assigned_by=color; source=auto,pt-8d8f9c31c4701890,src-9b05458c91225fe6,CO2,true,Legend entry '373K' under the legend heading 'CO2'; caption identifies panel B as CO2 isotherms from 303 to 373 K.,co2_uptake,per gram of sorbent,visible_marker,,,,,,,,C:\Users\jmckenna\dev-ai\chart_extract_v5\testing-stuff-main\artifacts\runs\combined_03\fig2b\review.html
C:\Users\jmckenna\dev-ai\chart_extract_v5\testing-stuff-main\data\input\combined_03.pdf,fig2b,b,fig2b:b:co2-373k-9f2f766d,CO2 373K,39.61777225,kPa,0.87424813,mmol/g,star,solid,#020202,false,high,282.24000000,433.31000000,assigned_by=color; source=auto,pt-91414d366a185f02,src-05c6e129ff318d20,CO2,true,Legend entry '373K' under the legend heading 'CO2'; caption identifies panel B as CO2 isotherms from 303 to 373 K.,co2_uptake,per gram of sorbent,visible_marker,,,,,,,,C:\Users\jmckenna\dev-ai\chart_extract_v5\testing-stuff-main\artifacts\runs\combined_03\fig2b\review.html
C:\Users\jmckenna\dev-ai\chart_extract_v5\testing-stuff-main\data\input\combined_03.pdf,fig2b,b,fig2b:b:co2-373k-9f2f766d,CO2 373K,13.33333333,kPa,0.32522124,mmol/g,star,solid,#060707,true,low,168,516,"evidence_kind=estimated; evidence_ref=panel.png; source_evidence=Black marker-bearing fused diagonal in native ROI x=108-238 y=458-568 is approximately one star-glyph wide and continues into the first resolved black star; selected 5 non-origin instances versus competing count 4, with source-based center (168.0,516.0) assigned to CO2 373K; overlap_flag=true; uncertainty_px=7; source=agent04",pt-98496fa84ed3ec36,src-9d75ed62f9f88861,CO2,true,Legend entry '373K' under the blue CO2 legend heading; panel caption identifies panel B as CO2 isotherms.,co2_uptake,per gram of sorbent,estimated_marker,,,,,,1.6091954,0.04646018,C:\Users\jmckenna\dev-ai\chart_extract_v5\testing-stuff-main\artifacts\runs\f2b\fig2b\review.html
C:\Users\jmckenna\dev-ai\chart_extract_v5\testing-stuff-main\data\input\combined_03.pdf,fig2b,b,fig2b:b:co2-373k-9f2f766d,CO2 373K,79.65517241,kPa,1.34402655,mmol/g,star,solid,#060707,false,high,456.5,362.5,assigned_by=color; source=auto,pt-9ff483848fef038a,src-d2294e9f4b87fdb1,CO2,true,Legend entry '373K' under the blue CO2 legend heading; panel caption identifies panel B as CO2 isotherms.,co2_uptake,per gram of sorbent,visible_marker,,,,,,,,C:\Users\jmckenna\dev-ai\chart_extract_v5\testing-stuff-main\artifacts\runs\f2b\fig2b\review.html
C:\Users\jmckenna\dev-ai\chart_extract_v5\testing-stuff-main\data\input\combined_03.pdf,fig2b,b,fig2b:b:co2-373k-9f2f766d,CO2 373K,53.35328898,kPa,1.06735339,mmol/g,star,solid,#020202,false,high,341.88660000,404.20620000,"source=agent04; evidence_kind=native_visible; evidence_ref=panel.png; source_evidence=native ROI x=335..350 y=398..412 shows a complete isolated filled black star on the CO2 373K sequence between the retained stars at (312.52,417.41) and (370.72,391.74); uncertainty_px=1.0; overlap_flag=false",pt-a04-373k-x53,src-a04-373k-x53,CO2,true,Legend entry '373K' under the legend heading 'CO2'; caption identifies panel B as CO2 isotherms from 303 to 373 K.,co2_uptake,per gram of sorbent,visible_marker,,,,,,0.23028164,0.00663505,C:\Users\jmckenna\dev-ai\chart_extract_v5\testing-stuff-main\artifacts\runs\combined_03\fig2b\review.html
C:\Users\jmckenna\dev-ai\chart_extract_v5\testing-stuff-main\data\input\combined_03.pdf,fig2b,b,fig2b:b:co2-373k-9f2f766d,CO2 373K,0.00000000,kPa,0.00000000,mmol/g,star,solid,#020202,true,low,110.19948187,565.07203791,"source=agent04; evidence_kind=estimated; evidence_ref=panel.png; source_evidence=all six eligible CO2 series visibly converge into the calibrated in-frame linear-axis origin, but individual first glyphs are unresolved in the shared crowded ink; shared-origin assumption only; uncertainty_px=6.0; origin_estimate=true; overlap_flag=true",pt-a04-origin-373k,src-a04-origin-373k,CO2,true,Legend entry '373K' under the legend heading 'CO2'; caption identifies panel B as CO2 isotherms from 303 to 373 K.,co2_uptake,per gram of sorbent,estimated_marker,,,,,,1.38168983,0.03981032,C:\Users\jmckenna\dev-ai\chart_extract_v5\testing-stuff-main\artifacts\runs\combined_03\fig2b\review.html
C:\Users\jmckenna\dev-ai\chart_extract_v5\testing-stuff-main\data\input\combined_03.pdf,fig2b,b,fig2b:b:co2-373k-9f2f766d,CO2 373K,33.36551724,kPa,0.76221239,mmol/g,star,solid,#060707,false,high,255.14,450.16,assigned_by=color; source=auto,pt-a57ee93209469931,src-43d95de88992c322,CO2,true,Legend entry '373K' under the blue CO2 legend heading; panel caption identifies panel B as CO2 isotherms.,co2_uptake,per gram of sorbent,visible_marker,,,,,,,,C:\Users\jmckenna\dev-ai\chart_extract_v5\testing-stuff-main\artifacts\runs\f2b\fig2b\review.html
C:\Users\jmckenna\dev-ai\chart_extract_v5\testing-stuff-main\data\input\combined_03.pdf,fig2b,b,fig2b:b:co2-373k-9f2f766d,CO2 373K,86.86436782,kPa,1.39274336,mmol/g,star,solid,#060707,false,high,487.86,355.16,assigned_by=color; source=auto,pt-ab8be2bf5ad35e36,src-6eda4cdf477de32e,CO2,true,Legend entry '373K' under the blue CO2 legend heading; panel caption identifies panel B as CO2 isotherms.,co2_uptake,per gram of sorbent,visible_marker,,,,,,,,C:\Users\jmckenna\dev-ai\chart_extract_v5\testing-stuff-main\artifacts\runs\f2b\fig2b\review.html
C:\Users\jmckenna\dev-ai\chart_extract_v5\testing-stuff-main\data\input\combined_03.pdf,fig2b,b,fig2b:b:co2-373k-9f2f766d,CO2 373K,26.66666667,kPa,0.63053097,mmol/g,star,solid,#060707,true,low,226,470,"evidence_kind=estimated; evidence_ref=panel.png; source_evidence=Black marker-bearing fused diagonal in native ROI x=108-238 y=458-568 is approximately one star-glyph wide and continues into the first resolved black star; selected 5 non-origin instances versus competing count 4, with source-based center (226.0,470.0) assigned to CO2 373K; overlap_flag=true; uncertainty_px=7; source=agent04",pt-b232e09d8b2b09cb,src-a5ccb4cfd820b7b8,CO2,true,Legend entry '373K' under the blue CO2 legend heading; panel caption identifies panel B as CO2 isotherms.,co2_uptake,per gram of sorbent,estimated_marker,,,,,,1.6091954,0.04646018,C:\Users\jmckenna\dev-ai\chart_extract_v5\testing-stuff-main\artifacts\runs\f2b\fig2b\review.html
C:\Users\jmckenna\dev-ai\chart_extract_v5\testing-stuff-main\data\input\combined_03.pdf,fig2b,b,fig2b:b:co2-373k-9f2f766d,CO2 373K,46.53543265,kPa,0.98100614,mmol/g,star,solid,#020202,false,high,312.28000000,417.22000000,assigned_by=color; source=auto,pt-b319c727ea5ffd03,src-2da7042af88eb0ee,CO2,true,Legend entry '373K' under the legend heading 'CO2'; caption identifies panel B as CO2 isotherms from 303 to 373 K.,co2_uptake,per gram of sorbent,visible_marker,,,,,,,,C:\Users\jmckenna\dev-ai\chart_extract_v5\testing-stuff-main\artifacts\runs\combined_03\fig2b\review.html
C:\Users\jmckenna\dev-ai\chart_extract_v5\testing-stuff-main\data\input\combined_03.pdf,fig2b,b,fig2b:b:co2-373k-9f2f766d,CO2 373K,3.18491437,kPa,0.07419342,mmol/g,star,solid,#020202,true,low,124.03000000,553.89000000,"source=agent04; evidence_kind=estimated; evidence_ref=panel.png; source_evidence=native ROI x=111..228 y=459..566 contains fused CO2 373K star-width black ink leading to the localized endpoint star at (224.96,469.15); center (124.03,553.89) is the bounded marker-sequence hypothesis within that band, while a line-only interpretation is the material alternative; uncertainty_px=5.0; overlap_flag=true",pt-c09f1a0448ffd2a7,src-4f1e7711cfa8ea3d,CO2,true,Legend entry '373K' under the legend heading 'CO2'; caption identifies panel B as CO2 isotherms from 303 to 373 K.,co2_uptake,per gram of sorbent,estimated_marker,,,,,,1.15140819,0.03317527,C:\Users\jmckenna\dev-ai\chart_extract_v5\testing-stuff-main\artifacts\runs\combined_03\fig2b\review.html
C:\Users\jmckenna\dev-ai\chart_extract_v5\testing-stuff-main\data\input\combined_03.pdf,fig2b,b,fig2b:b:co2-373k-9f2f766d,CO2 373K,26.42724005,kPa,0.63644783,mmol/g,star,solid,#020202,false,medium,224.96000000,469.15000000,overlap_flag=true; assigned_by=color; source=auto,pt-ddaad241266ef7e0,src-f039761a6e086a82,CO2,true,Legend entry '373K' under the legend heading 'CO2'; caption identifies panel B as CO2 isotherms from 303 to 373 K.,co2_uptake,per gram of sorbent,partially_visible_marker,,,,,,,,C:\Users\jmckenna\dev-ai\chart_extract_v5\testing-stuff-main\artifacts\runs\combined_03\fig2b\review.html
C:\Users\jmckenna\dev-ai\chart_extract_v5\testing-stuff-main\data\input\combined_03.pdf,fig2b,b,fig2b:b:co2-373k-9f2f766d,CO2 373K,73.42772229,kPa,1.28110959,mmol/g,star,solid,#020202,false,high,429.06000000,371.99000000,overlap_flag=true; assigned_by=color; source=auto,pt-e3c09e6583a2338d,src-364722361d69eb27,CO2,true,Legend entry '373K' under the legend heading 'CO2'; caption identifies panel B as CO2 isotherms from 303 to 373 K.,co2_uptake,per gram of sorbent,partially_visible_marker,,,,,,,,C:\Users\jmckenna\dev-ai\chart_extract_v5\testing-stuff-main\artifacts\runs\combined_03\fig2b\review.html
C:\Users\jmckenna\dev-ai\chart_extract_v5\testing-stuff-main\data\input\combined_03.pdf,fig2b,b,fig2b:b:co2-373k-9f2f766d,CO2 373K,0,kPa,0,mmol/g,star,solid,#060707,true,low,110,565,"evidence_kind=estimated; evidence_ref=panel.png; source_evidence=Native ROI x=104-117 y=553-570 shows all six eligible colored/black series converging at the calibrated in-frame linear (0,0) origin, but individual first glyphs are unresolved; shared-origin assumption used; origin_estimate=true; overlap_flag=true; uncertainty_px=10; source=agent04",pt-e47a5a672cebdf08,src-1a4b2b80dc1c7717,CO2,true,Legend entry '373K' under the blue CO2 legend heading; panel caption identifies panel B as CO2 isotherms.,co2_uptake,per gram of sorbent,estimated_marker,,,,,,2.29885057,0.06637168,C:\Users\jmckenna\dev-ai\chart_extract_v5\testing-stuff-main\artifacts\runs\f2b\fig2b\review.html
C:\Users\jmckenna\dev-ai\chart_extract_v5\testing-stuff-main\data\input\combined_03.pdf,fig2b,b,fig2b:b:co2-373k-9f2f766d,CO2 373K,100.76321839,kPa,1.48732301,mmol/g,star,solid,#060707,false,high,548.32,340.91,assigned_by=color; source=auto,pt-ed4a605e4388daf8,src-72f32f42a649c3f8,CO2,true,Legend entry '373K' under the blue CO2 legend heading; panel caption identifies panel B as CO2 isotherms.,co2_uptake,per gram of sorbent,visible_marker,,,,,,,,C:\Users\jmckenna\dev-ai\chart_extract_v5\testing-stuff-main\artifacts\runs\f2b\fig2b\review.html
C:\Users\jmckenna\dev-ai\chart_extract_v5\testing-stuff-main\data\input\combined_03.pdf,fig2b,b,fig2b:b:co2-373k-9f2f766d,CO2 373K,100.11506127,kPa,1.48520383,mmol/g,star,solid,#020202,false,medium,544.95000000,341.23000000,overlap_flag=true; assigned_by=color; source=auto,pt-ef58ae1a14eeca3e,src-bf2e7a238d053185,CO2,true,Legend entry '373K' under the legend heading 'CO2'; caption identifies panel B as CO2 isotherms from 303 to 373 K.,co2_uptake,per gram of sorbent,partially_visible_marker,,,,,,,,C:\Users\jmckenna\dev-ai\chart_extract_v5\testing-stuff-main\artifacts\runs\combined_03\fig2b\review.html
C:\Users\jmckenna\dev-ai\chart_extract_v5\testing-stuff-main\data\input\combined_03.pdf,fig2b,b,fig2b:b:co2-373k-9f2f766d,CO2 373K,106.55172414,kPa,1.51659292,mmol/g,star,solid,#060707,false,high,573.5,336.5,assigned_by=color; source=auto,pt-f05d9c3096917ca6,src-8da4f10ec8465f6a,CO2,true,Legend entry '373K' under the blue CO2 legend heading; panel caption identifies panel B as CO2 isotherms.,co2_uptake,per gram of sorbent,visible_marker,,,,,,,,C:\Users\jmckenna\dev-ai\chart_extract_v5\testing-stuff-main\artifacts\runs\f2b\fig2b\review.html
C:\Users\jmckenna\dev-ai\chart_extract_v5\testing-stuff-main\data\input\combined_03.pdf,fig2b,b,fig2b:b:co2-373k-9f2f766d,CO2 373K,39.65517241,kPa,0.87278761,mmol/g,star,solid,#060707,false,high,282.5,433.5,assigned_by=color; source=auto,pt-f98342b72465832a,src-497a23e4e6e3e887,CO2,true,Legend entry '373K' under the blue CO2 legend heading; panel caption identifies panel B as CO2 isotherms.,co2_uptake,per gram of sorbent,visible_marker,,,,,,,,C:\Users\jmckenna\dev-ai\chart_extract_v5\testing-stuff-main\artifacts\runs\f2b\fig2b\review.html
C:\Users\jmckenna\dev-ai\chart_extract_v5\testing-stuff-main\data\input\combined_03.pdf,fig2b,b,fig2b:b:co2-373k-9f2f766d,CO2 373K,93.21812623,kPa,1.43364947,mmol/g,star,solid,#020202,false,high,515.00000000,349.00000000,overlap_flag=true; assigned_by=color; source=auto,pt-fea49f0801ad9f16,src-4f431a633260dc5b,CO2,true,Legend entry '373K' under the legend heading 'CO2'; caption identifies panel B as CO2 isotherms from 303 to 373 K.,co2_uptake,per gram of sorbent,partially_visible_marker,,,,,,,,C:\Users\jmckenna\dev-ai\chart_extract_v5\testing-stuff-main\artifacts\runs\combined_03\fig2b\review.html
