figure_id,panel_id,series_id,series_name,x,x_unit,y,y_unit,marker_shape,line_style,color_hex,is_inferred,confidence,source_pixel_x,source_pixel_y,notes,point_id,source_instance_id,species,export_eligible,species_evidence,quantity_type,loading_basis,evidence_type,normalized_x,normalized_x_unit,normalized_y,normalized_y_unit,conversion_id,uncertainty_x,uncertainty_y
fig2a,a,fig2a:a:co2-273k-78e92393,CO2 273K,12.1175,mbar,1.5222,mmol/g,square,solid,#030303,false,medium,135.0,519.0,overlap_flag=true; assigned_by=dense_region; source=auto,pt-0ec704e0f4bccb37,src-db9c316b894c103b,CO2,true,Legend entry CO2 @ 273K; caption states panel A contains CO2 isotherms on pure CALF-20.,co2_uptake,per gram of sorbent,partially_visible_marker,,,,,,,
fig2a,a,fig2a:a:co2-273k-78e92393,CO2 273K,35.752,mbar,1.49,mmol/g,square,solid,#030303,false,medium,152.0,523.0,assigned_by=joint_assignment; source=auto,pt-1c5d4e07e937fc50,src-8570afbec65222da,CO2,true,Legend entry CO2 @ 273K; caption states panel A contains CO2 isotherms on pure CALF-20.,co2_uptake,per gram of sorbent,visible_marker,,,,,,,
fig2a,a,fig2a:a:co2-273k-78e92393,CO2 273K,49.3057,mbar,1.5552,mmol/g,square,solid,#030303,false,medium,161.75,514.9,assigned_by=joint_assignment; source=auto,pt-5c63151983dd5e26,src-996d039014c85980,CO2,true,Legend entry CO2 @ 273K; caption states panel A contains CO2 isotherms on pure CALF-20.,co2_uptake,per gram of sorbent,visible_marker,,,,,,,
fig2a,a,fig2a:a:co2-273k-78e92393,CO2 273K,64.5397,mbar,1.7362,mmol/g,square,solid,#030303,false,high,172.71,492.41,assigned_by=joint_assignment; source=auto,pt-ce4717d8c86cc028,src-727d074cda55d2bb,CO2,true,Legend entry CO2 @ 273K; caption states panel A contains CO2 isotherms on pure CALF-20.,co2_uptake,per gram of sorbent,visible_marker,,,,,,,
fig2a,a,fig2a:a:co2-273k-78e92393,CO2 273K,79.4964,mbar,1.9061,mmol/g,square,solid,#030303,false,high,183.46,471.3,assigned_by=joint_assignment; source=auto,pt-bdcd769e1f75facd,src-c036276a6b624b30,CO2,true,Legend entry CO2 @ 273K; caption states panel A contains CO2 isotherms on pure CALF-20.,co2_uptake,per gram of sorbent,visible_marker,,,,,,,
fig2a,a,fig2a:a:co2-273k-78e92393,CO2 273K,103.415,mbar,2.1517,mmol/g,square,solid,#030303,false,medium,200.67,440.78,assigned_by=joint_assignment; source=auto,pt-aaa108fe60f67e48,src-dc77731c5984e66e,CO2,true,Legend entry CO2 @ 273K; caption states panel A contains CO2 isotherms on pure CALF-20.,co2_uptake,per gram of sorbent,visible_marker,,,,,,,
fig2a,a,fig2a:a:co2-273k-78e92393,CO2 273K,103.8748,mbar,2.1982,mmol/g,square,solid,#030303,false,medium,201.0,435.0,assigned_by=joint_assignment; source=auto,pt-728c3ce666bcd2d2,src-ba25579ed885adb6,CO2,true,Legend entry CO2 @ 273K; caption states panel A contains CO2 isotherms on pure CALF-20.,co2_uptake,per gram of sorbent,visible_marker,,,,,,,
fig2a,a,fig2a:a:co2-273k-78e92393,CO2 273K,105.1621,mbar,2.3113,mmol/g,square,solid,#030303,false,high,201.93,420.95,assigned_by=joint_assignment; source=auto,pt-40bf747517178889,src-6c9ca6511f3e14ea,CO2,true,Legend entry CO2 @ 273K; caption states panel A contains CO2 isotherms on pure CALF-20.,co2_uptake,per gram of sorbent,visible_marker,,,,,,,
fig2a,a,fig2a:a:co2-273k-78e92393,CO2 273K,166.6919,mbar,3.0989,mmol/g,square,solid,#030303,false,low,246.18,323.08,assigned_by=joint_assignment; source=auto,pt-ef0b3ed9251ec38e,src-0856b489ca7cde14,CO2,true,Legend entry CO2 @ 273K; caption states panel A contains CO2 isotherms on pure CALF-20.,co2_uptake,per gram of sorbent,visible_marker,,,,,,,
fig2a,a,fig2a:a:co2-273k-78e92393,CO2 273K,175.244,mbar,2.8131,mmol/g,square,solid,#030303,false,medium,252.34,358.59,assigned_by=joint_assignment; source=auto,pt-5e074b07f76cbf92,src-ba4975bf8ec0e64c,CO2,true,Legend entry CO2 @ 273K; caption states panel A contains CO2 isotherms on pure CALF-20.,co2_uptake,per gram of sorbent,visible_marker,,,,,,,
fig2a,a,fig2a:a:co2-273k-78e92393,CO2 273K,177.4094,mbar,3.1766,mmol/g,square,solid,#030303,false,low,253.89,313.43,assigned_by=joint_assignment; source=auto,pt-b3b043aa9de8b3dc,src-68022db118624165,CO2,true,Legend entry CO2 @ 273K; caption states panel A contains CO2 isotherms on pure CALF-20.,co2_uptake,per gram of sorbent,visible_marker,,,,,,,
fig2a,a,fig2a:a:co2-273k-78e92393,CO2 273K,190.0711,mbar,3.6468,mmol/g,square,solid,#030303,false,medium,263.0,255.0,overlap_flag=true; assigned_by=dense_region; source=auto,pt-2cf59d670a029065,src-27b8fcefef5b75d8,CO2,true,Legend entry CO2 @ 273K; caption states panel A contains CO2 isotherms on pure CALF-20.,co2_uptake,per gram of sorbent,partially_visible_marker,,,,,,,
fig2a,a,fig2a:a:co2-273k-78e92393,CO2 273K,218.5715,mbar,3.8359,mmol/g,square,solid,#030303,false,high,283.5,231.5,assigned_by=joint_assignment; source=auto,pt-b91777e83fcb0bb5,src-b1f88ea285a2b5df,CO2,true,Legend entry CO2 @ 273K; caption states panel A contains CO2 isotherms on pure CALF-20.,co2_uptake,per gram of sorbent,visible_marker,,,,,,,
fig2a,a,fig2a:a:co2-273k-78e92393,CO2 273K,252.2117,mbar,3.9649,mmol/g,square,solid,#030303,false,high,307.7,215.47,assigned_by=joint_assignment; source=auto,pt-c5b935fab1ce28ab,src-0c15c9d0c7f2fbc0,CO2,true,Legend entry CO2 @ 273K; caption states panel A contains CO2 isotherms on pure CALF-20.,co2_uptake,per gram of sorbent,visible_marker,,,,,,,
fig2a,a,fig2a:a:co2-273k-78e92393,CO2 273K,289.6139,mbar,4.0621,mmol/g,square,solid,#030303,false,high,334.6,203.39,assigned_by=joint_assignment; source=auto,pt-bfbf7e6f499aef16,src-fe9bba6033cbe72a,CO2,true,Legend entry CO2 @ 273K; caption states panel A contains CO2 isotherms on pure CALF-20.,co2_uptake,per gram of sorbent,visible_marker,,,,,,,
fig2a,a,fig2a:a:co2-273k-78e92393,CO2 273K,325.9989,mbar,4.1818,mmol/g,square,solid,#030303,false,high,360.77,188.53,assigned_by=joint_assignment; source=auto,pt-66a196fce2360b6a,src-76065788cc06fb0e,CO2,true,Legend entry CO2 @ 273K; caption states panel A contains CO2 isotherms on pure CALF-20.,co2_uptake,per gram of sorbent,visible_marker,,,,,,,
fig2a,a,fig2a:a:co2-273k-78e92393,CO2 273K,360.7741,mbar,4.2493,mmol/g,square,solid,#030303,false,high,385.78,180.14,assigned_by=joint_assignment; source=auto,pt-10d359d33a9463ae,src-44930f3d94719dd7,CO2,true,Legend entry CO2 @ 273K; caption states panel A contains CO2 isotherms on pure CALF-20.,co2_uptake,per gram of sorbent,visible_marker,,,,,,,
fig2a,a,fig2a:a:co2-273k-78e92393,CO2 273K,396.6204,mbar,4.3401,mmol/g,square,solid,#030303,false,high,411.57,168.85,assigned_by=joint_assignment; source=auto,pt-112a61c81c20fcb4,src-7f715bd944e63b28,CO2,true,Legend entry CO2 @ 273K; caption states panel A contains CO2 isotherms on pure CALF-20.,co2_uptake,per gram of sorbent,visible_marker,,,,,,,
fig2a,a,fig2a:a:co2-273k-78e92393,CO2 273K,432.1271,mbar,4.4117,mmol/g,square,solid,#030303,false,high,437.11,159.95,assigned_by=joint_assignment; source=auto,pt-76c71ce421ac15da,src-72b2bc0386cefec8,CO2,true,Legend entry CO2 @ 273K; caption states panel A contains CO2 isotherms on pure CALF-20.,co2_uptake,per gram of sorbent,visible_marker,,,,,,,
fig2a,a,fig2a:a:co2-273k-78e92393,CO2 273K,468.3785,mbar,4.466,mmol/g,square,solid,#030303,false,high,463.18,153.21,assigned_by=joint_assignment; source=auto,pt-b47ab91ecfd154ed,src-92c3f5f3858dc8a1,CO2,true,Legend entry CO2 @ 273K; caption states panel A contains CO2 isotherms on pure CALF-20.,co2_uptake,per gram of sorbent,visible_marker,,,,,,,
fig2a,a,fig2a:a:co2-273k-78e92393,CO2 273K,503.5754,mbar,4.516,mmol/g,square,solid,#030303,false,high,488.5,147.0,assigned_by=joint_assignment; source=auto,pt-ceac9ac7fdf4abe1,src-7a3dc5623a294563,CO2,true,Legend entry CO2 @ 273K; caption states panel A contains CO2 isotherms on pure CALF-20.,co2_uptake,per gram of sorbent,visible_marker,,,,,,,
fig2a,a,fig2a:a:co2-273k-78e92393,CO2 273K,539.71,mbar,4.584,mmol/g,square,solid,#030303,false,high,514.49,138.55,assigned_by=joint_assignment; source=auto,pt-0ba93379085f561c,src-b71e0d87e97a0aa0,CO2,true,Legend entry CO2 @ 273K; caption states panel A contains CO2 isotherms on pure CALF-20.,co2_uptake,per gram of sorbent,visible_marker,,,,,,,
fig2a,a,fig2a:a:co2-273k-78e92393,CO2 273K,577.2593,mbar,4.6166,mmol/g,square,solid,#030303,false,high,541.5,134.5,assigned_by=joint_assignment; source=auto,pt-899fc7499da37142,src-9e50d268d24cc4ad,CO2,true,Legend entry CO2 @ 273K; caption states panel A contains CO2 isotherms on pure CALF-20.,co2_uptake,per gram of sorbent,visible_marker,,,,,,,
fig2a,a,fig2a:a:co2-273k-78e92393,CO2 273K,612.9543,mbar,4.665,mmol/g,square,solid,#030303,false,high,567.17,128.47,assigned_by=joint_assignment; source=auto,pt-f49c3ca7b4b34b6f,src-9871a24b470e66e1,CO2,true,Legend entry CO2 @ 273K; caption states panel A contains CO2 isotherms on pure CALF-20.,co2_uptake,per gram of sorbent,visible_marker,,,,,,,
fig2a,a,fig2a:a:co2-273k-78e92393,CO2 273K,648.166,mbar,4.7127,mmol/g,square,solid,#030303,false,high,592.5,122.56,assigned_by=joint_assignment; source=auto,pt-e27fc964816d1aa4,src-2fbe96e389dd4201,CO2,true,Legend entry CO2 @ 273K; caption states panel A contains CO2 isotherms on pure CALF-20.,co2_uptake,per gram of sorbent,visible_marker,,,,,,,
fig2a,a,fig2a:a:co2-273k-78e92393,CO2 273K,683.6144,mbar,4.7333,mmol/g,square,solid,#030303,false,high,618.0,120.0,assigned_by=joint_assignment; source=auto,pt-4d696edc1d46fe10,src-b1c0148d2edd1bb1,CO2,true,Legend entry CO2 @ 273K; caption states panel A contains CO2 isotherms on pure CALF-20.,co2_uptake,per gram of sorbent,visible_marker,,,,,,,
fig2a,a,fig2a:a:co2-273k-78e92393,CO2 273K,718.3709,mbar,4.7735,mmol/g,square,solid,#030303,false,medium,643.0,115.0,assigned_by=joint_assignment; source=auto,pt-b8cf907a578e8dfe,src-23e2c7884129a27a,CO2,true,Legend entry CO2 @ 273K; caption states panel A contains CO2 isotherms on pure CALF-20.,co2_uptake,per gram of sorbent,visible_marker,,,,,,,
fig2a,a,fig2a:a:co2-273k-78e92393,CO2 273K,738.3364,mbar,4.8016,mmol/g,square,solid,#030303,false,medium,657.36,111.51,assigned_by=joint_assignment; source=auto,pt-16efbd1b4583e663,src-e97e047682e518e7,CO2,true,Legend entry CO2 @ 273K; caption states panel A contains CO2 isotherms on pure CALF-20.,co2_uptake,per gram of sorbent,visible_marker,,,,,,,
fig2a,a,fig2a:a:co2-273k-78e92393,CO2 273K,746.1762,mbar,4.8057,mmol/g,square,solid,#030303,false,medium,663.0,111.0,assigned_by=joint_assignment; source=auto,pt-6c83a049fc0e4434,src-6bf41bcdb1eeba63,CO2,true,Legend entry CO2 @ 273K; caption states panel A contains CO2 isotherms on pure CALF-20.,co2_uptake,per gram of sorbent,visible_marker,,,,,,,
fig2a,a,fig2a:a:co2-273k-78e92393,CO2 273K,753.1275,mbar,4.8057,mmol/g,square,solid,#030303,false,medium,668.0,111.0,assigned_by=joint_assignment; source=auto,pt-ae3911cb2bd5fe7e,src-7ed9d991d8321ef9,CO2,true,Legend entry CO2 @ 273K; caption states panel A contains CO2 isotherms on pure CALF-20.,co2_uptake,per gram of sorbent,visible_marker,,,,,,,
fig2a,a,fig2a:a:co2-273k-78e92393,CO2 273K,791.7052,mbar,4.8334,mmol/g,square,solid,#030303,false,high,695.75,107.55,assigned_by=joint_assignment; source=auto,pt-3de83090851d3445,src-95ee42ed6f83bd46,CO2,true,Legend entry CO2 @ 273K; caption states panel A contains CO2 isotherms on pure CALF-20.,co2_uptake,per gram of sorbent,visible_marker,,,,,,,
fig2a,a,fig2a:a:co2-273k-78e92393,CO2 273K,827.1072,mbar,4.8591,mmol/g,square,solid,#030303,false,high,721.21,104.36,assigned_by=joint_assignment; source=auto,pt-194a0ad2f44ba28f,src-dfd5cc46f85063f8,CO2,true,Legend entry CO2 @ 273K; caption states panel A contains CO2 isotherms on pure CALF-20.,co2_uptake,per gram of sorbent,visible_marker,,,,,,,
fig2a,a,fig2a:a:co2-273k-78e92393,CO2 273K,844.2915,mbar,4.8897,mmol/g,square,solid,#030303,false,medium,733.57,100.56,assigned_by=joint_assignment; source=auto,pt-95459d928738df3c,src-d804475a33bb7f69,CO2,true,Legend entry CO2 @ 273K; caption states panel A contains CO2 isotherms on pure CALF-20.,co2_uptake,per gram of sorbent,visible_marker,,,,,,,
fig2a,a,fig2a:a:co2-273k-78e92393,CO2 273K,854.6167,mbar,4.8902,mmol/g,square,solid,#030303,false,medium,741.0,100.5,assigned_by=joint_assignment; source=auto,pt-2c0238983a9fe43d,src-ae49f9fbd2f0f4cc,CO2,true,Legend entry CO2 @ 273K; caption states panel A contains CO2 isotherms on pure CALF-20.,co2_uptake,per gram of sorbent,visible_marker,,,,,,,
fig2a,a,fig2a:a:co2-273k-78e92393,CO2 273K,864.9863,mbar,4.8906,mmol/g,square,solid,#030303,false,medium,748.46,100.45,assigned_by=joint_assignment; source=auto,pt-b01d20b2d53bc259,src-33be0da7cfc20acf,CO2,true,Legend entry CO2 @ 273K; caption states panel A contains CO2 isotherms on pure CALF-20.,co2_uptake,per gram of sorbent,visible_marker,,,,,,,
fig2a,a,fig2a:a:co2-273k-78e92393,CO2 273K,899.0266,mbar,4.9103,mmol/g,square,solid,#030303,false,high,772.94,98.0,assigned_by=joint_assignment; source=auto,pt-7def4e403c7d0005,src-ee5730505c8cac43,CO2,true,Legend entry CO2 @ 273K; caption states panel A contains CO2 isotherms on pure CALF-20.,co2_uptake,per gram of sorbent,visible_marker,,,,,,,
fig2a,a,fig2a:a:co2-273k-78e92393,CO2 273K,937.014,mbar,4.9322,mmol/g,square,solid,#030303,false,high,800.27,95.27,assigned_by=joint_assignment; source=auto,pt-d7e11372835f8a68,src-e141e657982085b3,CO2,true,Legend entry CO2 @ 273K; caption states panel A contains CO2 isotherms on pure CALF-20.,co2_uptake,per gram of sorbent,visible_marker,,,,,,,
fig2a,a,fig2a:a:co2-273k-78e92393,CO2 273K,951.9351,mbar,4.9505,mmol/g,square,solid,#030303,false,medium,811.0,93.0,assigned_by=joint_assignment; source=auto,pt-8f891f6f702e6e4d,src-44b1e396c730f32d,CO2,true,Legend entry CO2 @ 273K; caption states panel A contains CO2 isotherms on pure CALF-20.,co2_uptake,per gram of sorbent,visible_marker,,,,,,,
fig2a,a,fig2a:a:co2-273k-78e92393,CO2 273K,961.6669,mbar,4.9505,mmol/g,square,solid,#030303,false,medium,818.0,93.0,assigned_by=joint_assignment; source=auto,pt-af6fb42f2d88c3ba,src-f9af76fdfd37f5b7,CO2,true,Legend entry CO2 @ 273K; caption states panel A contains CO2 isotherms on pure CALF-20.,co2_uptake,per gram of sorbent,visible_marker,,,,,,,
fig2a,a,fig2a:a:co2-273k-78e92393,CO2 273K,1007.2136,mbar,4.9696,mmol/g,square,solid,#030303,false,high,850.76,90.63,assigned_by=joint_assignment; source=auto,pt-ddc3697b5788745d,src-02698fa62cfc5730,CO2,true,Legend entry CO2 @ 273K; caption states panel A contains CO2 isotherms on pure CALF-20.,co2_uptake,per gram of sorbent,visible_marker,,,,,,,
fig2a,a,fig2a:a:co2-273k-78e92393,CO2 273K,1097.2175,mbar,5.0091,mmol/g,square,solid,#030303,false,high,915.5,85.72,assigned_by=joint_assignment; source=auto,pt-b165c27d42deeca8,src-087fb4f79ccc78dd,CO2,true,Legend entry CO2 @ 273K; caption states panel A contains CO2 isotherms on pure CALF-20.,co2_uptake,per gram of sorbent,visible_marker,,,,,,,
fig2a,a,fig2a:a:co2-273k-78e92393,CO2 273K,1194.5359,mbar,5.0511,mmol/g,square,solid,#030303,false,high,985.5,80.5,assigned_by=joint_assignment; source=auto,pt-cafcf58ebab85b85,src-76f1f2ccc62a4236,CO2,true,Legend entry CO2 @ 273K; caption states panel A contains CO2 isotherms on pure CALF-20.,co2_uptake,per gram of sorbent,visible_marker,,,,,,,
fig2a,a,fig2a:a:co2-283k-09bb156a,CO2 283K,10.7272,mbar,1.9246,mmol/g,diamond,solid,#f1231f,false,medium,134.0,469.0,overlap_flag=true; assigned_by=dense_region; source=auto,pt-82960e578920dcb5,src-6e8fb1c9654a0f57,CO2,true,Legend entry CO2 @ 283K; caption states panel A contains CO2 isotherms on pure CALF-20.,co2_uptake,per gram of sorbent,partially_visible_marker,,,,,,,
fig2a,a,fig2a:a:co2-283k-09bb156a,CO2 283K,14.898,mbar,2.0614,mmol/g,diamond,solid,#f1231f,false,medium,137.0,452.0,assigned_by=joint_assignment; source=auto,pt-9ab5838d1b11fcbf,src-fcab19e51cc730c5,CO2,true,Legend entry CO2 @ 283K; caption states panel A contains CO2 isotherms on pure CALF-20.,co2_uptake,per gram of sorbent,visible_marker,,,,,,,
fig2a,a,fig2a:a:co2-283k-09bb156a,CO2 283K,22.2693,mbar,2.0902,mmol/g,diamond,solid,#f1231f,false,medium,142.3,448.42,assigned_by=joint_assignment; source=auto,pt-71f8b753612191d3,src-c3e488d8ebc5389e,CO2,true,Legend entry CO2 @ 283K; caption states panel A contains CO2 isotherms on pure CALF-20.,co2_uptake,per gram of sorbent,visible_marker,,,,,,,
fig2a,a,fig2a:a:co2-283k-09bb156a,CO2 283K,35.5399,mbar,1.2321,mmol/g,diamond,solid,#f1231f,false,high,151.85,555.05,assigned_by=joint_assignment; source=auto,pt-1ec4f43fd2d3f141,src-abd5f72d8bedda99,CO2,true,Legend entry CO2 @ 283K; caption states panel A contains CO2 isotherms on pure CALF-20.,co2_uptake,per gram of sorbent,visible_marker,,,,,,,
fig2a,a,fig2a:a:co2-283k-09bb156a,CO2 283K,35.752,mbar,1.152,mmol/g,diamond,solid,#f1231f,false,medium,152.0,565.0,overlap_flag=true; assigned_by=dense_region; source=auto,pt-6b3bd8720e4baf15,src-82f53d3c15388252,CO2,true,Legend entry CO2 @ 283K; caption states panel A contains CO2 isotherms on pure CALF-20.,co2_uptake,per gram of sorbent,partially_visible_marker,,,,,,,
fig2a,a,fig2a:a:co2-283k-09bb156a,CO2 283K,53.8254,mbar,1.144,mmol/g,diamond,solid,#f1231f,true,low,165.0,566.0,overlap_flag=true; assigned_by=template; source=template_fill,pt-2a41de0636575d4e,src-31e62be5c6b86b33,CO2,true,Legend entry CO2 @ 283K; caption states panel A contains CO2 isotherms on pure CALF-20.,co2_uptake,per gram of sorbent,template_fill,,,,,,,
fig2a,a,fig2a:a:co2-283k-09bb156a,CO2 283K,65.1366,mbar,1.3362,mmol/g,diamond,solid,#f1231f,false,high,173.14,542.11,assigned_by=joint_assignment; source=auto,pt-631c1284a9caf20e,src-d9e3fb232637ced9,CO2,true,Legend entry CO2 @ 283K; caption states panel A contains CO2 isotherms on pure CALF-20.,co2_uptake,per gram of sorbent,visible_marker,,,,,,,
fig2a,a,fig2a:a:co2-283k-09bb156a,CO2 283K,81.9172,mbar,1.5157,mmol/g,diamond,solid,#f1231f,false,high,185.21,519.81,assigned_by=joint_assignment; source=auto,pt-3a961eebb28f3256,src-b738b8f10315ced0,CO2,true,Legend entry CO2 @ 283K; caption states panel A contains CO2 isotherms on pure CALF-20.,co2_uptake,per gram of sorbent,visible_marker,,,,,,,
fig2a,a,fig2a:a:co2-283k-09bb156a,CO2 283K,104.6314,mbar,1.7832,mmol/g,diamond,solid,#f1231f,false,medium,201.54,486.57,assigned_by=joint_assignment; source=auto,pt-6107ca19b6d2963d,src-37a6f746580da31f,CO2,true,Legend entry CO2 @ 283K; caption states panel A contains CO2 isotherms on pure CALF-20.,co2_uptake,per gram of sorbent,visible_marker,,,,,,,
fig2a,a,fig2a:a:co2-283k-09bb156a,CO2 283K,121.205,mbar,1.8649,mmol/g,diamond,solid,#f1231f,false,medium,213.47,476.42,assigned_by=joint_assignment; source=auto,pt-106199821c183199,src-3ae720072caadb58,CO2,true,Legend entry CO2 @ 283K; caption states panel A contains CO2 isotherms on pure CALF-20.,co2_uptake,per gram of sorbent,visible_marker,,,,,,,
fig2a,a,fig2a:a:co2-283k-09bb156a,CO2 283K,167.8269,mbar,2.4477,mmol/g,diamond,solid,#f1231f,false,medium,247.0,404.0,overlap_flag=true; assigned_by=dense_region; source=auto,pt-42c74ecd4f794b5c,src-25af144b0194094d,CO2,true,Legend entry CO2 @ 283K; caption states panel A contains CO2 isotherms on pure CALF-20.,co2_uptake,per gram of sorbent,partially_visible_marker,,,,,,,
fig2a,a,fig2a:a:co2-283k-09bb156a,CO2 283K,188.6809,mbar,2.8501,mmol/g,diamond,solid,#f1231f,false,medium,262.0,354.0,overlap_flag=true; assigned_by=dense_region; source=auto,pt-16a8d49ada807e12,src-05ebbf0cca77c8a7,CO2,true,Legend entry CO2 @ 283K; caption states panel A contains CO2 isotherms on pure CALF-20.,co2_uptake,per gram of sorbent,partially_visible_marker,,,,,,,
fig2a,a,fig2a:a:co2-283k-09bb156a,CO2 283K,228.35,mbar,3.294,mmol/g,diamond,solid,#f1231f,false,high,290.53,298.84,assigned_by=joint_assignment; source=auto,pt-d93ef93226d47b17,src-9f921c996618c122,CO2,true,Legend entry CO2 @ 283K; caption states panel A contains CO2 isotherms on pure CALF-20.,co2_uptake,per gram of sorbent,visible_marker,,,,,,,
fig2a,a,fig2a:a:co2-283k-09bb156a,CO2 283K,251.6536,mbar,3.3999,mmol/g,diamond,solid,#f1231f,false,high,307.3,285.68,assigned_by=joint_assignment; source=auto,pt-b3d022ca322613e8,src-388c417d4b0542fa,CO2,true,Legend entry CO2 @ 283K; caption states panel A contains CO2 isotherms on pure CALF-20.,co2_uptake,per gram of sorbent,visible_marker,,,,,,,
fig2a,a,fig2a:a:co2-283k-09bb156a,CO2 283K,294.5694,mbar,3.4663,mmol/g,diamond,solid,#f1231f,false,high,338.16,277.42,assigned_by=joint_assignment; source=auto,pt-d5ddbf00a7425255,src-41c77205715a70b9,CO2,true,Legend entry CO2 @ 283K; caption states panel A contains CO2 isotherms on pure CALF-20.,co2_uptake,per gram of sorbent,visible_marker,,,,,,,
fig2a,a,fig2a:a:co2-283k-09bb156a,CO2 283K,326.9833,mbar,3.5886,mmol/g,diamond,solid,#f1231f,false,high,361.48,262.24,assigned_by=joint_assignment; source=auto,pt-1424fa23f3e97830,src-a2ccf81f1cf48d72,CO2,true,Legend entry CO2 @ 283K; caption states panel A contains CO2 isotherms on pure CALF-20.,co2_uptake,per gram of sorbent,visible_marker,,,,,,,
fig2a,a,fig2a:a:co2-283k-09bb156a,CO2 283K,355.2312,mbar,3.5987,mmol/g,diamond,solid,#f1231f,false,high,381.8,260.98,assigned_by=joint_assignment; source=auto,pt-d5b803b41fbfeebd,src-7a13a264edeb0b69,CO2,true,Legend entry CO2 @ 283K; caption states panel A contains CO2 isotherms on pure CALF-20.,co2_uptake,per gram of sorbent,visible_marker,,,,,,,
fig2a,a,fig2a:a:co2-283k-09bb156a,CO2 283K,402.262,mbar,3.7584,mmol/g,diamond,solid,#f1231f,false,medium,415.63,241.13,assigned_by=joint_assignment; source=auto,pt-4d8780bb8caebeeb,src-728b4c4192d86b21,CO2,true,Legend entry CO2 @ 283K; caption states panel A contains CO2 isotherms on pure CALF-20.,co2_uptake,per gram of sorbent,visible_marker,,,,,,,
fig2a,a,fig2a:a:co2-283k-09bb156a,CO2 283K,419.5131,mbar,3.729,mmol/g,diamond,solid,#f1231f,false,medium,428.03,244.78,assigned_by=joint_assignment; source=auto,pt-ada6dbde13451403,src-4145f73041942497,CO2,true,Legend entry CO2 @ 283K; caption states panel A contains CO2 isotherms on pure CALF-20.,co2_uptake,per gram of sorbent,visible_marker,,,,,,,
fig2a,a,fig2a:a:co2-283k-09bb156a,CO2 283K,469.4681,mbar,3.8197,mmol/g,diamond,solid,#f1231f,false,low,463.97,233.51,assigned_by=joint_assignment; source=auto,pt-37e056460f7ce2cb,src-7b9ccfa5dac4f806,CO2,true,Legend entry CO2 @ 283K; caption states panel A contains CO2 isotherms on pure CALF-20.,co2_uptake,per gram of sorbent,visible_marker,,,,,,,
fig2a,a,fig2a:a:co2-283k-09bb156a,CO2 283K,483.776,mbar,3.9006,mmol/g,diamond,solid,#f1231f,false,medium,474.26,223.46,assigned_by=joint_assignment; source=auto,pt-bfbe3c406bc1dcb0,src-782b6ceda84f5bcc,CO2,true,Legend entry CO2 @ 283K; caption states panel A contains CO2 isotherms on pure CALF-20.,co2_uptake,per gram of sorbent,visible_marker,,,,,,,
fig2a,a,fig2a:a:co2-283k-09bb156a,CO2 283K,532.5079,mbar,3.9294,mmol/g,diamond,solid,#f1231f,false,high,509.31,219.89,assigned_by=joint_assignment; source=auto,pt-7619ac12cd94d47e,src-b9c4bc5b23cb3603,CO2,true,Legend entry CO2 @ 283K; caption states panel A contains CO2 isotherms on pure CALF-20.,co2_uptake,per gram of sorbent,visible_marker,,,,,,,
fig2a,a,fig2a:a:co2-283k-09bb156a,CO2 283K,558.8692,mbar,4.0057,mmol/g,diamond,solid,#f1231f,false,high,528.27,210.4,assigned_by=joint_assignment; source=auto,pt-3247a124d7bfe07d,src-cb1a417d0da1edea,CO2,true,Legend entry CO2 @ 283K; caption states panel A contains CO2 isotherms on pure CALF-20.,co2_uptake,per gram of sorbent,visible_marker,,,,,,,
fig2a,a,fig2a:a:co2-283k-09bb156a,CO2 283K,593.9541,mbar,4.0147,mmol/g,diamond,solid,#f1231f,false,high,553.51,209.29,assigned_by=joint_assignment; source=auto,pt-6041baa0ba36710e,src-d8d49b9fb02e30c6,CO2,true,Legend entry CO2 @ 283K; caption states panel A contains CO2 isotherms on pure CALF-20.,co2_uptake,per gram of sorbent,visible_marker,,,,,,,
fig2a,a,fig2a:a:co2-283k-09bb156a,CO2 283K,637.0041,mbar,4.1102,mmol/g,diamond,solid,#f1231f,false,medium,584.47,197.43,assigned_by=joint_assignment; source=auto,pt-9e4ef2abb6b05c2b,src-299f53ea6dcebf77,CO2,true,Legend entry CO2 @ 283K; caption states panel A contains CO2 isotherms on pure CALF-20.,co2_uptake,per gram of sorbent,visible_marker,,,,,,,
fig2a,a,fig2a:a:co2-283k-09bb156a,CO2 283K,654.501,mbar,4.0919,mmol/g,diamond,solid,#f1231f,false,medium,597.06,199.69,assigned_by=joint_assignment; source=auto,pt-7bde87f65faf1168,src-4d021d68de1e1a43,CO2,true,Legend entry CO2 @ 283K; caption states panel A contains CO2 isotherms on pure CALF-20.,co2_uptake,per gram of sorbent,visible_marker,,,,,,,
fig2a,a,fig2a:a:co2-283k-09bb156a,CO2 283K,713.0141,mbar,4.1709,mmol/g,diamond,solid,#f1231f,false,high,639.15,189.88,assigned_by=joint_assignment; source=auto,pt-c201944286ef1248,src-3b11afc7b45d38bc,CO2,true,Legend entry CO2 @ 283K; caption states panel A contains CO2 isotherms on pure CALF-20.,co2_uptake,per gram of sorbent,visible_marker,,,,,,,
fig2a,a,fig2a:a:co2-283k-09bb156a,CO2 283K,774.9465,mbar,4.217,mmol/g,diamond,solid,#f1231f,false,medium,683.69,184.15,assigned_by=joint_assignment; source=auto,pt-d366b0ec5c7f7af5,src-bc4c4b4e3ea6110e,CO2,true,Legend entry CO2 @ 283K; caption states panel A contains CO2 isotherms on pure CALF-20.,co2_uptake,per gram of sorbent,visible_marker,,,,,,,
fig2a,a,fig2a:a:co2-283k-09bb156a,CO2 283K,788.2082,mbar,4.2642,mmol/g,diamond,solid,#f1231f,false,medium,693.23,178.29,assigned_by=joint_assignment; source=auto,pt-ac050521d277b997,src-1dba672bf60d587d,CO2,true,Legend entry CO2 @ 283K; caption states panel A contains CO2 isotherms on pure CALF-20.,co2_uptake,per gram of sorbent,visible_marker,,,,,,,
fig2a,a,fig2a:a:co2-283k-09bb156a,CO2 283K,836.4631,mbar,4.2714,mmol/g,diamond,solid,#f1231f,false,high,727.94,177.39,assigned_by=joint_assignment; source=auto,pt-3477fb9c3802ed2e,src-4682721a336ff9ae,CO2,true,Legend entry CO2 @ 283K; caption states panel A contains CO2 isotherms on pure CALF-20.,co2_uptake,per gram of sorbent,visible_marker,,,,,,,
fig2a,a,fig2a:a:co2-283k-09bb156a,CO2 283K,867.6206,mbar,4.3265,mmol/g,diamond,solid,#f1231f,false,high,750.35,170.54,assigned_by=joint_assignment; source=auto,pt-ba32d6654f05546d,src-3716902b7e70aee1,CO2,true,Legend entry CO2 @ 283K; caption states panel A contains CO2 isotherms on pure CALF-20.,co2_uptake,per gram of sorbent,visible_marker,,,,,,,
fig2a,a,fig2a:a:co2-283k-09bb156a,CO2 283K,895.6306,mbar,4.3213,mmol/g,diamond,solid,#f1231f,false,high,770.5,171.19,assigned_by=joint_assignment; source=auto,pt-980a315da4a42eaa,src-8612bf2132a9c674,CO2,true,Legend entry CO2 @ 283K; caption states panel A contains CO2 isotherms on pure CALF-20.,co2_uptake,per gram of sorbent,visible_marker,,,,,,,
fig2a,a,fig2a:a:co2-283k-09bb156a,CO2 283K,926.7662,mbar,4.3661,mmol/g,diamond,solid,#f1231f,false,high,792.9,165.62,assigned_by=joint_assignment; source=auto,pt-c0f1574093a4eafd,src-9703b42b2c230752,CO2,true,Legend entry CO2 @ 283K; caption states panel A contains CO2 isotherms on pure CALF-20.,co2_uptake,per gram of sorbent,visible_marker,,,,,,,
fig2a,a,fig2a:a:co2-283k-09bb156a,CO2 283K,956.4106,mbar,4.3703,mmol/g,diamond,solid,#f1231f,false,high,814.22,165.1,assigned_by=joint_assignment; source=auto,pt-3076858fb7830f67,src-a22b802bce55e914,CO2,true,Legend entry CO2 @ 283K; caption states panel A contains CO2 isotherms on pure CALF-20.,co2_uptake,per gram of sorbent,visible_marker,,,,,,,
fig2a,a,fig2a:a:co2-283k-09bb156a,CO2 283K,1003.4176,mbar,4.4172,mmol/g,diamond,solid,#f1231f,false,medium,848.03,159.28,assigned_by=joint_assignment; source=auto,pt-fd4c5eceac561ebc,src-a641a0e7645abb61,CO2,true,Legend entry CO2 @ 283K; caption states panel A contains CO2 isotherms on pure CALF-20.,co2_uptake,per gram of sorbent,visible_marker,,,,,,,
fig2a,a,fig2a:a:co2-283k-09bb156a,CO2 283K,1015.1107,mbar,4.4113,mmol/g,diamond,solid,#f1231f,false,medium,856.44,160.0,assigned_by=joint_assignment; source=auto,pt-b5aa9723c3d2003d,src-e352c4bb3d9ef4c4,CO2,true,Legend entry CO2 @ 283K; caption states panel A contains CO2 isotherms on pure CALF-20.,co2_uptake,per gram of sorbent,visible_marker,,,,,,,
fig2a,a,fig2a:a:co2-283k-09bb156a,CO2 283K,1079.2623,mbar,4.452,mmol/g,diamond,solid,#f1231f,false,high,902.59,154.95,assigned_by=joint_assignment; source=auto,pt-629350e5355f3999,src-3737d93b6b71fd6c,CO2,true,Legend entry CO2 @ 283K; caption states panel A contains CO2 isotherms on pure CALF-20.,co2_uptake,per gram of sorbent,visible_marker,,,,,,,
fig2a,a,fig2a:a:co2-283k-09bb156a,CO2 283K,1138.2303,mbar,4.4793,mmol/g,diamond,solid,#f1231f,false,high,945.0,151.55,assigned_by=joint_assignment; source=auto,pt-e5091f58cea32b1b,src-12f4d13fcd50dbd5,CO2,true,Legend entry CO2 @ 283K; caption states panel A contains CO2 isotherms on pure CALF-20.,co2_uptake,per gram of sorbent,visible_marker,,,,,,,
fig2a,a,fig2a:a:co2-283k-09bb156a,CO2 283K,1192.7761,mbar,4.5065,mmol/g,diamond,solid,#f1231f,false,high,984.23,148.18,assigned_by=joint_assignment; source=auto,pt-5f06e36d8a55b18e,src-540d6555d794c945,CO2,true,Legend entry CO2 @ 283K; caption states panel A contains CO2 isotherms on pure CALF-20.,co2_uptake,per gram of sorbent,visible_marker,,,,,,,
fig2a,a,fig2a:a:co2-293k-5864b600,CO2 293K,-4.3897,mbar,0.3994,mmol/g,triangle_up,solid,#384ca8,false,high,123.13,658.52,assigned_by=joint_assignment; source=auto,pt-3feece088c46566d,src-f0b7034850dfecf1,CO2,true,Legend entry CO2 @ 293K; caption states panel A contains CO2 isotherms on pure CALF-20.,co2_uptake,per gram of sorbent,visible_marker,,,,,,,
fig2a,a,fig2a:a:co2-293k-5864b600,CO2 293K,6.1386,mbar,0.8314,mmol/g,triangle_up,solid,#384ca8,false,low,130.7,604.84,assigned_by=joint_assignment; source=auto,pt-eb8c109782203d42,src-fa9e5162d5dae54c,CO2,true,Legend entry CO2 @ 293K; caption states panel A contains CO2 isotherms on pure CALF-20.,co2_uptake,per gram of sorbent,visible_marker,,,,,,,
fig2a,a,fig2a:a:co2-293k-5864b600,CO2 293K,8.4551,mbar,0.908,mmol/g,triangle_up,solid,#384ca8,false,high,132.37,595.31,assigned_by=joint_assignment; source=auto,pt-36cfa36cca2f9fa2,src-d51f9891cb3f9af9,CO2,true,Legend entry CO2 @ 293K; caption states panel A contains CO2 isotherms on pure CALF-20.,co2_uptake,per gram of sorbent,visible_marker,,,,,,,
fig2a,a,fig2a:a:co2-293k-5864b600,CO2 293K,9.337,mbar,1.1681,mmol/g,triangle_up,solid,#384ca8,false,medium,133.0,563.0,overlap_flag=true; assigned_by=dense_region; source=auto,pt-8238a257320dea89,src-244df53326c22522,CO2,true,Legend entry CO2 @ 293K; caption states panel A contains CO2 isotherms on pure CALF-20.,co2_uptake,per gram of sorbent,partially_visible_marker,,,,,,,
fig2a,a,fig2a:a:co2-293k-5864b600,CO2 293K,17.6786,mbar,1.2083,mmol/g,triangle_up,solid,#384ca8,false,medium,139.0,558.0,overlap_flag=true; assigned_by=dense_region; source=auto,pt-95b7ae0c6c5922d5,src-4d7cd16526647154,CO2,true,Legend entry CO2 @ 293K; caption states panel A contains CO2 isotherms on pure CALF-20.,co2_uptake,per gram of sorbent,partially_visible_marker,,,,,,,
fig2a,a,fig2a:a:co2-293k-5864b600,CO2 293K,34.3617,mbar,1.2325,mmol/g,triangle_up,solid,#384ca8,false,medium,151.0,555.0,overlap_flag=true; assigned_by=dense_region; source=auto,pt-ac1cbaab84a855f9,src-5741b7533a294e5e,CO2,true,Legend entry CO2 @ 293K; caption states panel A contains CO2 isotherms on pure CALF-20.,co2_uptake,per gram of sorbent,partially_visible_marker,,,,,,,
fig2a,a,fig2a:a:co2-293k-5864b600,CO2 293K,46.8741,mbar,1.144,mmol/g,triangle_up,solid,#384ca8,false,medium,160.0,566.0,overlap_flag=true; assigned_by=dense_region; source=auto,pt-0682d6c271dbd2a0,src-1117fcc6fe7cd4b1,CO2,true,Legend entry CO2 @ 293K; caption states panel A contains CO2 isotherms on pure CALF-20.,co2_uptake,per gram of sorbent,partially_visible_marker,,,,,,,
fig2a,a,fig2a:a:co2-293k-5864b600,CO2 293K,80.2404,mbar,1.1118,mmol/g,triangle_up,solid,#384ca8,false,medium,184.0,570.0,overlap_flag=true; assigned_by=dense_region; source=auto,pt-77bcd2ecc613bf72,src-aceefd10f3f5db79,CO2,true,Legend entry CO2 @ 293K; caption states panel A contains CO2 isotherms on pure CALF-20.,co2_uptake,per gram of sorbent,partially_visible_marker,,,,,,,
fig2a,a,fig2a:a:co2-293k-5864b600,CO2 293K,105.8664,mbar,1.3898,mmol/g,triangle_up,solid,#384ca8,false,medium,202.43,535.46,assigned_by=joint_assignment; source=auto,pt-cb5e80a1a63251b1,src-0b51d22ca7d037cb,CO2,true,Legend entry CO2 @ 293K; caption states panel A contains CO2 isotherms on pure CALF-20.,co2_uptake,per gram of sorbent,visible_marker,,,,,,,
fig2a,a,fig2a:a:co2-293k-5864b600,CO2 293K,116.7745,mbar,1.4521,mmol/g,triangle_up,solid,#384ca8,false,high,210.28,527.71,assigned_by=joint_assignment; source=auto,pt-928aaccdced88308,src-c0cf76e08604f59e,CO2,true,Legend entry CO2 @ 293K; caption states panel A contains CO2 isotherms on pure CALF-20.,co2_uptake,per gram of sorbent,visible_marker,,,,,,,
fig2a,a,fig2a:a:co2-293k-5864b600,CO2 293K,173.8923,mbar,1.7882,mmol/g,triangle_up,solid,#384ca8,false,high,251.36,485.95,assigned_by=joint_assignment; source=auto,pt-bf04e84527bae177,src-59bff55f9f524a9e,CO2,true,Legend entry CO2 @ 293K; caption states panel A contains CO2 isotherms on pure CALF-20.,co2_uptake,per gram of sorbent,visible_marker,,,,,,,
fig2a,a,fig2a:a:co2-293k-5864b600,CO2 293K,175.6371,mbar,2.4585,mmol/g,triangle_up,solid,#384ca8,false,medium,252.62,402.65,assigned_by=joint_assignment; source=auto,pt-97698be480920fa7,src-fb4da019590f5353,CO2,true,Legend entry CO2 @ 293K; caption states panel A contains CO2 isotherms on pure CALF-20.,co2_uptake,per gram of sorbent,visible_marker,,,,,,,
fig2a,a,fig2a:a:co2-293k-5864b600,CO2 293K,178.7625,mbar,1.8636,mmol/g,triangle_up,solid,#384ca8,false,low,254.87,476.58,assigned_by=joint_assignment; source=auto,pt-4c0210328215fe18,src-63bdbd2f42b40959,CO2,true,Legend entry CO2 @ 293K; caption states panel A contains CO2 isotherms on pure CALF-20.,co2_uptake,per gram of sorbent,visible_marker,,,,,,,
fig2a,a,fig2a:a:co2-293k-5864b600,CO2 293K,220.6569,mbar,2.5443,mmol/g,triangle_up,solid,#384ca8,false,medium,285.0,392.0,overlap_flag=true; assigned_by=dense_region; source=auto,pt-4aa543bce1b5bd80,src-ee0e097a90440a78,CO2,true,Legend entry CO2 @ 293K; caption states panel A contains CO2 isotherms on pure CALF-20.,co2_uptake,per gram of sorbent,partially_visible_marker,,,,,,,
fig2a,a,fig2a:a:co2-293k-5864b600,CO2 293K,234.6041,mbar,2.9563,mmol/g,triangle_up,solid,#384ca8,false,medium,295.03,340.8,assigned_by=joint_assignment; source=auto,pt-13774263d2c6d927,src-b221bf603c12dfe2,CO2,true,Legend entry CO2 @ 293K; caption states panel A contains CO2 isotherms on pure CALF-20.,co2_uptake,per gram of sorbent,visible_marker,,,,,,,
fig2a,a,fig2a:a:co2-293k-5864b600,CO2 293K,295.5314,mbar,3.0742,mmol/g,triangle_up,solid,#384ca8,false,high,338.86,326.15,assigned_by=joint_assignment; source=auto,pt-14f4695f7d7933a6,src-e50ef5ab40a00efc,CO2,true,Legend entry CO2 @ 293K; caption states panel A contains CO2 isotherms on pure CALF-20.,co2_uptake,per gram of sorbent,visible_marker,,,,,,,
fig2a,a,fig2a:a:co2-293k-5864b600,CO2 293K,329.0121,mbar,3.1834,mmol/g,triangle_up,solid,#384ca8,false,high,362.94,312.58,assigned_by=joint_assignment; source=auto,pt-00ce80b7a08f64f1,src-e567e2888ab87310,CO2,true,Legend entry CO2 @ 293K; caption states panel A contains CO2 isotherms on pure CALF-20.,co2_uptake,per gram of sorbent,visible_marker,,,,,,,
fig2a,a,fig2a:a:co2-293k-5864b600,CO2 293K,358.9812,mbar,3.1962,mmol/g,triangle_up,solid,#384ca8,false,high,384.5,311.0,assigned_by=joint_assignment; source=auto,pt-a78ef80a3955de3e,src-5f44f8fc02dd30b8,CO2,true,Legend entry CO2 @ 293K; caption states panel A contains CO2 isotherms on pure CALF-20.,co2_uptake,per gram of sorbent,visible_marker,,,,,,,
fig2a,a,fig2a:a:co2-293k-5864b600,CO2 293K,403.993,mbar,3.3175,mmol/g,triangle_up,solid,#384ca8,false,medium,416.87,295.92,assigned_by=joint_assignment; source=auto,pt-54a6f1f6d2f96567,src-8141a7defd57bf5e,CO2,true,Legend entry CO2 @ 293K; caption states panel A contains CO2 isotherms on pure CALF-20.,co2_uptake,per gram of sorbent,visible_marker,,,,,,,
fig2a,a,fig2a:a:co2-293k-5864b600,CO2 293K,411.1229,mbar,3.3088,mmol/g,triangle_up,solid,#384ca8,false,medium,422.0,297.0,assigned_by=joint_assignment; source=auto,pt-f0e3542e6cfc0a65,src-c2c4f36cad13bfe1,CO2,true,Legend entry CO2 @ 293K; caption states panel A contains CO2 isotherms on pure CALF-20.,co2_uptake,per gram of sorbent,visible_marker,,,,,,,
fig2a,a,fig2a:a:co2-293k-5864b600,CO2 293K,417.9779,mbar,3.2986,mmol/g,triangle_up,solid,#384ca8,false,high,426.93,298.27,assigned_by=joint_assignment; source=auto,pt-344a58f4d739849a,src-110713b7b86975da,CO2,true,Legend entry CO2 @ 293K; caption states panel A contains CO2 isotherms on pure CALF-20.,co2_uptake,per gram of sorbent,visible_marker,,,,,,,
fig2a,a,fig2a:a:co2-293k-5864b600,CO2 293K,470.0371,mbar,3.3651,mmol/g,triangle_up,solid,#384ca8,false,high,464.38,290.0,assigned_by=joint_assignment; source=auto,pt-4353f28d27fa0941,src-4343f489d812c782,CO2,true,Legend entry CO2 @ 293K; caption states panel A contains CO2 isotherms on pure CALF-20.,co2_uptake,per gram of sorbent,visible_marker,,,,,,,
fig2a,a,fig2a:a:co2-293k-5864b600,CO2 293K,486.982,mbar,3.4486,mmol/g,triangle_up,solid,#384ca8,false,medium,476.56,279.63,assigned_by=joint_assignment; source=auto,pt-ae25891af816605b,src-577a198b5ac7cf46,CO2,true,Legend entry CO2 @ 293K; caption states panel A contains CO2 isotherms on pure CALF-20.,co2_uptake,per gram of sorbent,visible_marker,,,,,,,
fig2a,a,fig2a:a:co2-293k-5864b600,CO2 293K,535.6822,mbar,3.4628,mmol/g,triangle_up,solid,#384ca8,false,high,511.59,277.87,assigned_by=joint_assignment; source=auto,pt-cad0506a217e4e26,src-f2dbbf9c316e7b4e,CO2,true,Legend entry CO2 @ 293K; caption states panel A contains CO2 isotherms on pure CALF-20.,co2_uptake,per gram of sorbent,visible_marker,,,,,,,
fig2a,a,fig2a:a:co2-293k-5864b600,CO2 293K,561.1935,mbar,3.544,mmol/g,triangle_up,solid,#384ca8,false,high,529.94,267.78,assigned_by=joint_assignment; source=auto,pt-7d41769856673637,src-ed0a46426e61e011,CO2,true,Legend entry CO2 @ 293K; caption states panel A contains CO2 isotherms on pure CALF-20.,co2_uptake,per gram of sorbent,visible_marker,,,,,,,
fig2a,a,fig2a:a:co2-293k-5864b600,CO2 293K,595.7662,mbar,3.5507,mmol/g,triangle_up,solid,#384ca8,false,high,554.81,266.95,assigned_by=joint_assignment; source=auto,pt-ddc39c91bdec90c1,src-1ebd708ff3fce79e,CO2,true,Legend entry CO2 @ 293K; caption states panel A contains CO2 isotherms on pure CALF-20.,co2_uptake,per gram of sorbent,visible_marker,,,,,,,
fig2a,a,fig2a:a:co2-293k-5864b600,CO2 293K,636.7393,mbar,3.6272,mmol/g,triangle_up,solid,#384ca8,false,high,584.28,257.44,assigned_by=joint_assignment; source=auto,pt-12e1b89c28ce8a32,src-5acdaf99e594ceb0,CO2,true,Legend entry CO2 @ 293K; caption states panel A contains CO2 isotherms on pure CALF-20.,co2_uptake,per gram of sorbent,visible_marker,,,,,,,
fig2a,a,fig2a:a:co2-293k-5864b600,CO2 293K,646.0773,mbar,3.6146,mmol/g,triangle_up,solid,#384ca8,false,medium,591.0,259.0,assigned_by=joint_assignment; source=auto,pt-79a19ff1485a7d8d,src-ff151011540982e7,CO2,true,Legend entry CO2 @ 293K; caption states panel A contains CO2 isotherms on pure CALF-20.,co2_uptake,per gram of sorbent,visible_marker,,,,,,,
fig2a,a,fig2a:a:co2-293k-5864b600,CO2 293K,654.9674,mbar,3.6143,mmol/g,triangle_up,solid,#384ca8,false,medium,597.39,259.04,assigned_by=joint_assignment; source=auto,pt-612a1c7ca41dcd21,src-cda45f1a96a1c6ee,CO2,true,Legend entry CO2 @ 293K; caption states panel A contains CO2 isotherms on pure CALF-20.,co2_uptake,per gram of sorbent,visible_marker,,,,,,,
fig2a,a,fig2a:a:co2-293k-5864b600,CO2 293K,707.1966,mbar,3.6912,mmol/g,triangle_up,solid,#384ca8,false,high,634.96,249.49,assigned_by=joint_assignment; source=auto,pt-4ad1906383ba73cd,src-6161c367c2d40fb7,CO2,true,Legend entry CO2 @ 293K; caption states panel A contains CO2 isotherms on pure CALF-20.,co2_uptake,per gram of sorbent,visible_marker,,,,,,,
fig2a,a,fig2a:a:co2-293k-5864b600,CO2 293K,714.2001,mbar,3.6951,mmol/g,triangle_up,solid,#384ca8,false,medium,640.0,249.0,assigned_by=joint_assignment; source=auto,pt-53fec299917e12b2,src-09d30064f5c2f485,CO2,true,Legend entry CO2 @ 293K; caption states panel A contains CO2 isotherms on pure CALF-20.,co2_uptake,per gram of sorbent,visible_marker,,,,,,,
fig2a,a,fig2a:a:co2-293k-5864b600,CO2 293K,720.0363,mbar,3.7075,mmol/g,triangle_up,solid,#384ca8,false,low,644.2,247.46,assigned_by=joint_assignment; source=auto,pt-6b38c2f9f355adfe,src-bad1077e85b47e8a,CO2,true,Legend entry CO2 @ 293K; caption states panel A contains CO2 isotherms on pure CALF-20.,co2_uptake,per gram of sorbent,visible_marker,,,,,,,
fig2a,a,fig2a:a:co2-293k-5864b600,CO2 293K,775.9274,mbar,3.7449,mmol/g,triangle_up,solid,#384ca8,false,high,684.4,242.81,assigned_by=joint_assignment; source=auto,pt-e2930c37bc49922e,src-8dff351858a6d53c,CO2,true,Legend entry CO2 @ 293K; caption states panel A contains CO2 isotherms on pure CALF-20.,co2_uptake,per gram of sorbent,visible_marker,,,,,,,
fig2a,a,fig2a:a:co2-293k-5864b600,CO2 293K,788.9465,mbar,3.7965,mmol/g,triangle_up,solid,#384ca8,false,low,693.76,236.4,assigned_by=joint_assignment; source=auto,pt-07172c1c4acaec70,src-3c8003635014577c,CO2,true,Legend entry CO2 @ 293K; caption states panel A contains CO2 isotherms on pure CALF-20.,co2_uptake,per gram of sorbent,visible_marker,,,,,,,
fig2a,a,fig2a:a:co2-293k-5864b600,CO2 293K,837.4233,mbar,3.8015,mmol/g,triangle_up,solid,#384ca8,false,high,728.63,235.78,assigned_by=joint_assignment; source=auto,pt-0487e34a33831e7c,src-4216d94c471e5426,CO2,true,Legend entry CO2 @ 293K; caption states panel A contains CO2 isotherms on pure CALF-20.,co2_uptake,per gram of sorbent,visible_marker,,,,,,,
fig2a,a,fig2a:a:co2-293k-5864b600,CO2 293K,870.3468,mbar,3.8613,mmol/g,triangle_up,solid,#384ca8,false,high,752.31,228.35,assigned_by=joint_assignment; source=auto,pt-7d842989a3ef0e60,src-68a9c8c30d96d776,CO2,true,Legend entry CO2 @ 293K; caption states panel A contains CO2 isotherms on pure CALF-20.,co2_uptake,per gram of sorbent,visible_marker,,,,,,,
fig2a,a,fig2a:a:co2-293k-5864b600,CO2 293K,895.6168,mbar,3.8573,mmol/g,triangle_up,solid,#384ca8,false,high,770.49,228.85,assigned_by=joint_assignment; source=auto,pt-5d9778af6c1b406f,src-03270ba1edf55a4b,CO2,true,Legend entry CO2 @ 293K; caption states panel A contains CO2 isotherms on pure CALF-20.,co2_uptake,per gram of sorbent,visible_marker,,,,,,,
fig2a,a,fig2a:a:co2-293k-5864b600,CO2 293K,926.7668,mbar,3.9102,mmol/g,triangle_up,solid,#384ca8,false,medium,792.9,222.27,assigned_by=joint_assignment; source=auto,pt-9e4e08fc0dccc476,src-98aad3c05cc1225d,CO2,true,Legend entry CO2 @ 293K; caption states panel A contains CO2 isotherms on pure CALF-20.,co2_uptake,per gram of sorbent,visible_marker,,,,,,,
fig2a,a,fig2a:a:co2-293k-5864b600,CO2 293K,950.6024,mbar,3.9051,mmol/g,triangle_up,solid,#384ca8,false,high,810.04,222.9,assigned_by=joint_assignment; source=auto,pt-d65035dbc7e95ba9,src-28815b59b6edefa1,CO2,true,Legend entry CO2 @ 293K; caption states panel A contains CO2 isotherms on pure CALF-20.,co2_uptake,per gram of sorbent,visible_marker,,,,,,,
fig2a,a,fig2a:a:co2-293k-5864b600,CO2 293K,957.4961,mbar,3.9043,mmol/g,triangle_up,solid,#384ca8,false,medium,815.0,223.0,assigned_by=joint_assignment; source=auto,pt-735fbe38f781d4f8,src-f99fc9062f13e065,CO2,true,Legend entry CO2 @ 293K; caption states panel A contains CO2 isotherms on pure CALF-20.,co2_uptake,per gram of sorbent,visible_marker,,,,,,,
fig2a,a,fig2a:a:co2-293k-5864b600,CO2 293K,1005.5547,mbar,3.9531,mmol/g,triangle_up,solid,#384ca8,false,medium,849.57,216.94,assigned_by=joint_assignment; source=auto,pt-459c3bf2f58e5c49,src-f16d9a56d97456bd,CO2,true,Legend entry CO2 @ 293K; caption states panel A contains CO2 isotherms on pure CALF-20.,co2_uptake,per gram of sorbent,visible_marker,,,,,,,
fig2a,a,fig2a:a:co2-293k-5864b600,CO2 293K,1018.7914,mbar,3.9494,mmol/g,triangle_up,solid,#384ca8,false,low,859.09,217.4,assigned_by=joint_assignment; source=auto,pt-1d4020033e268291,src-e4c5e5ddcb41f775,CO2,true,Legend entry CO2 @ 293K; caption states panel A contains CO2 isotherms on pure CALF-20.,co2_uptake,per gram of sorbent,visible_marker,,,,,,,
fig2a,a,fig2a:a:co2-293k-5864b600,CO2 293K,1082.4618,mbar,4.0031,mmol/g,triangle_up,solid,#384ca8,false,high,904.89,210.73,assigned_by=joint_assignment; source=auto,pt-59954587398a1528,src-f228696e4ba5ff13,CO2,true,Legend entry CO2 @ 293K; caption states panel A contains CO2 isotherms on pure CALF-20.,co2_uptake,per gram of sorbent,visible_marker,,,,,,,
fig2a,a,fig2a:a:co2-293k-5864b600,CO2 293K,1139.9722,mbar,4.0337,mmol/g,triangle_up,solid,#384ca8,false,high,946.25,206.93,assigned_by=joint_assignment; source=auto,pt-fdaa0d7138a8a4e3,src-de387a87321f95b5,CO2,true,Legend entry CO2 @ 293K; caption states panel A contains CO2 isotherms on pure CALF-20.,co2_uptake,per gram of sorbent,visible_marker,,,,,,,
fig2a,a,fig2a:a:co2-293k-5864b600,CO2 293K,1190.3341,mbar,4.0636,mmol/g,triangle_up,solid,#384ca8,false,high,982.48,203.21,assigned_by=joint_assignment; source=auto,pt-a9455ceba89ec875,src-4438725732802ec1,CO2,true,Legend entry CO2 @ 293K; caption states panel A contains CO2 isotherms on pure CALF-20.,co2_uptake,per gram of sorbent,visible_marker,,,,,,,
fig2a,a,fig2a:a:co2-303k-bc2a4dd1,CO2 303K,9.337,mbar,0.814,mmol/g,triangle_down,solid,#0d7d75,false,medium,133.0,607.0,overlap_flag=true; assigned_by=dense_region; source=auto,pt-4ffb0a253afe4a92,src-d332d9a188811b9c,CO2,true,Legend entry CO2 @ 303K; caption states panel A contains CO2 isotherms on pure CALF-20.,co2_uptake,per gram of sorbent,partially_visible_marker,,,,,,,
fig2a,a,fig2a:a:co2-303k-bc2a4dd1,CO2 303K,17.6786,mbar,1.1922,mmol/g,triangle_down,solid,#0d7d75,false,medium,139.0,560.0,overlap_flag=true; assigned_by=dense_region; source=auto,pt-4909f8f5ca2490ca,src-6c733b234124f6a4,CO2,true,Legend entry CO2 @ 303K; caption states panel A contains CO2 isotherms on pure CALF-20.,co2_uptake,per gram of sorbent,partially_visible_marker,,,,,,,
fig2a,a,fig2a:a:co2-303k-bc2a4dd1,CO2 303K,51.4899,mbar,1.1017,mmol/g,triangle_down,solid,#0d7d75,false,low,163.32,571.25,assigned_by=joint_assignment; source=auto,pt-cf523c3f774d31a9,src-bea48dd7a719f7ca,CO2,true,Legend entry CO2 @ 303K; caption states panel A contains CO2 isotherms on pure CALF-20.,co2_uptake,per gram of sorbent,visible_marker,,,,,,,
fig2a,a,fig2a:a:co2-303k-bc2a4dd1,CO2 303K,53.0581,mbar,1.1735,mmol/g,triangle_down,solid,#0d7d75,false,medium,164.45,562.33,assigned_by=joint_assignment; source=auto,pt-f211cb6104acae3b,src-ee7c03cab7d86953,CO2,true,Legend entry CO2 @ 303K; caption states panel A contains CO2 isotherms on pure CALF-20.,co2_uptake,per gram of sorbent,visible_marker,,,,,,,
fig2a,a,fig2a:a:co2-303k-bc2a4dd1,CO2 303K,64.9475,mbar,1.3451,mmol/g,triangle_down,solid,#0d7d75,false,medium,173.0,541.0,overlap_flag=true; assigned_by=dense_region; source=auto,pt-5daca927ea38d142,src-052dbe302cb510ee,CO2,true,Legend entry CO2 @ 303K; caption states panel A contains CO2 isotherms on pure CALF-20.,co2_uptake,per gram of sorbent,partially_visible_marker,,,,,,,
fig2a,a,fig2a:a:co2-303k-bc2a4dd1,CO2 303K,121.9483,mbar,1.8843,mmol/g,triangle_down,solid,#0d7d75,false,medium,214.0,474.0,overlap_flag=true; assigned_by=dense_region; source=auto,pt-08f8bdc5554d7590,src-854f5e556d0c0ad4,CO2,true,Legend entry CO2 @ 303K; caption states panel A contains CO2 isotherms on pure CALF-20.,co2_uptake,per gram of sorbent,partially_visible_marker,,,,,,,
fig2a,a,fig2a:a:co2-303k-bc2a4dd1,CO2 303K,170.4741,mbar,2.1215,mmol/g,triangle_down,solid,#0d7d75,false,high,248.9,444.53,assigned_by=joint_assignment; source=auto,pt-0cf30cc837c7b6eb,src-27782dfa2afd58a8,CO2,true,Legend entry CO2 @ 303K; caption states panel A contains CO2 isotherms on pure CALF-20.,co2_uptake,per gram of sorbent,visible_marker,,,,,,,
fig2a,a,fig2a:a:co2-303k-bc2a4dd1,CO2 303K,176.1685,mbar,2.166,mmol/g,triangle_down,solid,#0d7d75,false,medium,253.0,439.0,assigned_by=joint_assignment; source=auto,pt-812fa4f34e93e280,src-426a4488b3b91051,CO2,true,Legend entry CO2 @ 303K; caption states panel A contains CO2 isotherms on pure CALF-20.,co2_uptake,per gram of sorbent,visible_marker,,,,,,,
fig2a,a,fig2a:a:co2-303k-bc2a4dd1,CO2 303K,220.6569,mbar,2.6086,mmol/g,triangle_down,solid,#0d7d75,false,medium,285.0,384.0,overlap_flag=true; assigned_by=dense_region; source=auto,pt-3f56c0d357e188cd,src-197e4099f93c9ab2,CO2,true,Legend entry CO2 @ 303K; caption states panel A contains CO2 isotherms on pure CALF-20.,co2_uptake,per gram of sorbent,partially_visible_marker,,,,,,,
fig2a,a,fig2a:a:co2-303k-bc2a4dd1,CO2 303K,229.2221,mbar,2.6971,mmol/g,triangle_down,solid,#0d7d75,false,high,291.16,373.01,assigned_by=joint_assignment; source=auto,pt-8d637925c1d756e7,src-26b2d2777db3e599,CO2,true,Legend entry CO2 @ 303K; caption states panel A contains CO2 isotherms on pure CALF-20.,co2_uptake,per gram of sorbent,visible_marker,,,,,,,
fig2a,a,fig2a:a:co2-303k-bc2a4dd1,CO2 303K,231.779,mbar,2.6408,mmol/g,triangle_down,solid,#0d7d75,false,medium,293.0,380.0,assigned_by=joint_assignment; source=auto,pt-6a7112b80b34da8d,src-402b5a4147063dd0,CO2,true,Legend entry CO2 @ 303K; caption states panel A contains CO2 isotherms on pure CALF-20.,co2_uptake,per gram of sorbent,visible_marker,,,,,,,
fig2a,a,fig2a:a:co2-303k-bc2a4dd1,CO2 303K,249.2614,mbar,2.7867,mmol/g,triangle_down,solid,#0d7d75,false,high,305.57,361.88,assigned_by=joint_assignment; source=auto,pt-665207877f32adb5,src-b8477647e60fa212,CO2,true,Legend entry CO2 @ 303K; caption states panel A contains CO2 isotherms on pure CALF-20.,co2_uptake,per gram of sorbent,visible_marker,,,,,,,
fig2a,a,fig2a:a:co2-303k-bc2a4dd1,CO2 303K,291.174,mbar,2.8238,mmol/g,triangle_down,solid,#0d7d75,false,low,335.72,357.27,assigned_by=joint_assignment; source=auto,pt-07e29b2bdc5fa7c2,src-b0269f2532c728c2,CO2,true,Legend entry CO2 @ 303K; caption states panel A contains CO2 isotherms on pure CALF-20.,co2_uptake,per gram of sorbent,visible_marker,,,,,,,
fig2a,a,fig2a:a:co2-303k-bc2a4dd1,CO2 303K,327.0075,mbar,2.9077,mmol/g,triangle_down,solid,#0d7d75,false,low,361.5,346.85,assigned_by=joint_assignment; source=auto,pt-085c8e1f62dbafe8,src-2b61e20e01c8d1a1,CO2,true,Legend entry CO2 @ 303K; caption states panel A contains CO2 isotherms on pure CALF-20.,co2_uptake,per gram of sorbent,visible_marker,,,,,,,
fig2a,a,fig2a:a:co2-303k-bc2a4dd1,CO2 303K,354.1221,mbar,2.8984,mmol/g,triangle_down,solid,#0d7d75,false,high,381.0,348.0,assigned_by=joint_assignment; source=auto,pt-0a72b9d5f52927d7,src-1c916fca5773c306,CO2,true,Legend entry CO2 @ 303K; caption states panel A contains CO2 isotherms on pure CALF-20.,co2_uptake,per gram of sorbent,visible_marker,,,,,,,
fig2a,a,fig2a:a:co2-303k-bc2a4dd1,CO2 303K,361.0734,mbar,2.8662,mmol/g,triangle_down,solid,#0d7d75,false,medium,386.0,352.0,assigned_by=joint_assignment; source=auto,pt-8efdc976a224661b,src-3e348b2c9fd1f5c0,CO2,true,Legend entry CO2 @ 303K; caption states panel A contains CO2 isotherms on pure CALF-20.,co2_uptake,per gram of sorbent,visible_marker,,,,,,,
fig2a,a,fig2a:a:co2-303k-bc2a4dd1,CO2 303K,400.7551,mbar,3.018,mmol/g,triangle_down,solid,#0d7d75,false,high,414.54,333.14,assigned_by=joint_assignment; source=auto,pt-60ca8b145361f99c,src-e0fe41bf7fbe5190,CO2,true,Legend entry CO2 @ 303K; caption states panel A contains CO2 isotherms on pure CALF-20.,co2_uptake,per gram of sorbent,visible_marker,,,,,,,
fig2a,a,fig2a:a:co2-303k-bc2a4dd1,CO2 303K,409.7326,mbar,2.9386,mmol/g,triangle_down,solid,#0d7d75,false,medium,421.0,343.0,assigned_by=joint_assignment; source=auto,pt-4e7b4d0294da7866,src-61c9a549c7fb452a,CO2,true,Legend entry CO2 @ 303K; caption states panel A contains CO2 isotherms on pure CALF-20.,co2_uptake,per gram of sorbent,visible_marker,,,,,,,
fig2a,a,fig2a:a:co2-303k-bc2a4dd1,CO2 303K,475.075,mbar,3.0815,mmol/g,triangle_down,solid,#0d7d75,false,high,468.0,325.24,assigned_by=joint_assignment; source=auto,pt-8bd080d6490a3d5a,src-90694d0b824ea6a8,CO2,true,Legend entry CO2 @ 303K; caption states panel A contains CO2 isotherms on pure CALF-20.,co2_uptake,per gram of sorbent,visible_marker,,,,,,,
fig2a,a,fig2a:a:co2-303k-bc2a4dd1,CO2 303K,477.8555,mbar,3.011,mmol/g,triangle_down,solid,#0d7d75,false,medium,470.0,334.0,assigned_by=joint_assignment; source=auto,pt-aae5729d4ac474b2,src-f87aa0dfa579faef,CO2,true,Legend entry CO2 @ 303K; caption states panel A contains CO2 isotherms on pure CALF-20.,co2_uptake,per gram of sorbent,visible_marker,,,,,,,
fig2a,a,fig2a:a:co2-303k-bc2a4dd1,CO2 303K,512.6121,mbar,3.0191,mmol/g,triangle_down,solid,#0d7d75,false,medium,495.0,333.0,assigned_by=joint_assignment; source=auto,pt-dfb040afd9102b3c,src-9623691f176b08d2,CO2,true,Legend entry CO2 @ 303K; caption states panel A contains CO2 isotherms on pure CALF-20.,co2_uptake,per gram of sorbent,visible_marker,,,,,,,
fig2a,a,fig2a:a:co2-303k-bc2a4dd1,CO2 303K,533.466,mbar,3.1076,mmol/g,triangle_down,solid,#0d7d75,false,high,510.0,322.0,assigned_by=joint_assignment; source=auto,pt-6987b7de22917bf0,src-a0cec554601ffe2d,CO2,true,Legend entry CO2 @ 303K; caption states panel A contains CO2 isotherms on pure CALF-20.,co2_uptake,per gram of sorbent,visible_marker,,,,,,,
fig2a,a,fig2a:a:co2-303k-bc2a4dd1,CO2 303K,536.2465,mbar,3.0593,mmol/g,triangle_down,solid,#0d7d75,false,medium,512.0,328.0,assigned_by=joint_assignment; source=auto,pt-eb33ecddfb4ba3f3,src-15b487c02f9d7c9e,CO2,true,Legend entry CO2 @ 303K; caption states panel A contains CO2 isotherms on pure CALF-20.,co2_uptake,per gram of sorbent,visible_marker,,,,,,,
fig2a,a,fig2a:a:co2-303k-bc2a4dd1,CO2 303K,558.243,mbar,3.1855,mmol/g,triangle_down,solid,#0d7d75,false,high,527.82,312.33,assigned_by=joint_assignment; source=auto,pt-e99d8d5e27da50d8,src-958644591c110b15,CO2,true,Legend entry CO2 @ 303K; caption states panel A contains CO2 isotherms on pure CALF-20.,co2_uptake,per gram of sorbent,visible_marker,,,,,,,
fig2a,a,fig2a:a:co2-303k-bc2a4dd1,CO2 303K,592.4849,mbar,3.1708,mmol/g,triangle_down,solid,#0d7d75,false,high,552.45,314.15,assigned_by=joint_assignment; source=auto,pt-f621fefc55228cba,src-4bb9ff18d57bbc36,CO2,true,Legend entry CO2 @ 303K; caption states panel A contains CO2 isotherms on pure CALF-20.,co2_uptake,per gram of sorbent,visible_marker,,,,,,,
fig2a,a,fig2a:a:co2-303k-bc2a4dd1,CO2 303K,632.2802,mbar,3.2484,mmol/g,triangle_down,solid,#0d7d75,false,high,581.08,304.51,assigned_by=joint_assignment; source=auto,pt-0b4e70e57a61e659,src-afeab13a335e5145,CO2,true,Legend entry CO2 @ 303K; caption states panel A contains CO2 isotherms on pure CALF-20.,co2_uptake,per gram of sorbent,visible_marker,,,,,,,
fig2a,a,fig2a:a:co2-303k-bc2a4dd1,CO2 303K,648.8578,mbar,3.1478,mmol/g,triangle_down,solid,#0d7d75,false,medium,593.0,317.0,assigned_by=joint_assignment; source=auto,pt-26313eb3d3819327,src-e120e17a9468e021,CO2,true,Legend entry CO2 @ 303K; caption states panel A contains CO2 isotherms on pure CALF-20.,co2_uptake,per gram of sorbent,visible_marker,,,,,,,
fig2a,a,fig2a:a:co2-303k-bc2a4dd1,CO2 303K,655.6127,mbar,3.2266,mmol/g,triangle_down,solid,#0d7d75,false,high,597.86,307.22,assigned_by=joint_assignment; source=auto,pt-1d5244a4ea722171,src-3292198127efbb87,CO2,true,Legend entry CO2 @ 303K; caption states panel A contains CO2 isotherms on pure CALF-20.,co2_uptake,per gram of sorbent,visible_marker,,,,,,,
fig2a,a,fig2a:a:co2-303k-bc2a4dd1,CO2 303K,711.2975,mbar,3.317,mmol/g,triangle_down,solid,#0d7d75,false,high,637.91,295.98,assigned_by=joint_assignment; source=auto,pt-8dd8a3316881cc1b,src-85d4d8c479aaa473,CO2,true,Legend entry CO2 @ 303K; caption states panel A contains CO2 isotherms on pure CALF-20.,co2_uptake,per gram of sorbent,visible_marker,,,,,,,
fig2a,a,fig2a:a:co2-303k-bc2a4dd1,CO2 303K,781.6309,mbar,3.3543,mmol/g,triangle_down,solid,#0d7d75,false,high,688.5,291.35,assigned_by=joint_assignment; source=auto,pt-eb2ad514b7e1d537,src-bc42551d44b6878c,CO2,true,Legend entry CO2 @ 303K; caption states panel A contains CO2 isotherms on pure CALF-20.,co2_uptake,per gram of sorbent,visible_marker,,,,,,,
fig2a,a,fig2a:a:co2-303k-bc2a4dd1,CO2 303K,786.4938,mbar,3.3168,mmol/g,triangle_down,solid,#0d7d75,false,medium,692.0,296.0,assigned_by=joint_assignment; source=auto,pt-8025a8c0e50c637f,src-ddb821eac9a16d84,CO2,true,Legend entry CO2 @ 303K; caption states panel A contains CO2 isotherms on pure CALF-20.,co2_uptake,per gram of sorbent,visible_marker,,,,,,,
fig2a,a,fig2a:a:co2-303k-bc2a4dd1,CO2 303K,836.8691,mbar,3.3842,mmol/g,triangle_down,solid,#0d7d75,false,high,728.23,287.63,assigned_by=joint_assignment; source=auto,pt-9047854417d56e0d,src-07afd0c71066a343,CO2,true,Legend entry CO2 @ 303K; caption states panel A contains CO2 isotherms on pure CALF-20.,co2_uptake,per gram of sorbent,visible_marker,,,,,,,
fig2a,a,fig2a:a:co2-303k-bc2a4dd1,CO2 303K,866.1606,mbar,3.4362,mmol/g,triangle_down,solid,#0d7d75,false,high,749.3,281.17,assigned_by=joint_assignment; source=auto,pt-2302606f054c0a49,src-568e5eb2655d2ad8,CO2,true,Legend entry CO2 @ 303K; caption states panel A contains CO2 isotherms on pure CALF-20.,co2_uptake,per gram of sorbent,visible_marker,,,,,,,
fig2a,a,fig2a:a:co2-303k-bc2a4dd1,CO2 303K,895.6294,mbar,3.438,mmol/g,triangle_down,solid,#0d7d75,false,high,770.5,280.95,assigned_by=joint_assignment; source=auto,pt-5ad00305d07d52e2,src-d3aae49e665b5513,CO2,true,Legend entry CO2 @ 303K; caption states panel A contains CO2 isotherms on pure CALF-20.,co2_uptake,per gram of sorbent,visible_marker,,,,,,,
fig2a,a,fig2a:a:co2-303k-bc2a4dd1,CO2 303K,928.0101,mbar,3.4795,mmol/g,triangle_down,solid,#0d7d75,false,high,793.79,275.78,assigned_by=joint_assignment; source=auto,pt-b2eba8b28b85104c,src-617ffae0d6948df9,CO2,true,Legend entry CO2 @ 303K; caption states panel A contains CO2 isotherms on pure CALF-20.,co2_uptake,per gram of sorbent,visible_marker,,,,,,,
fig2a,a,fig2a:a:co2-303k-bc2a4dd1,CO2 303K,957.2592,mbar,3.4784,mmol/g,triangle_down,solid,#0d7d75,false,high,814.83,275.93,assigned_by=joint_assignment; source=auto,pt-89e3e32c5dd549c3,src-e409ce871f0e6f28,CO2,true,Legend entry CO2 @ 303K; caption states panel A contains CO2 isotherms on pure CALF-20.,co2_uptake,per gram of sorbent,visible_marker,,,,,,,
fig2a,a,fig2a:a:co2-303k-bc2a4dd1,CO2 303K,1008.3238,mbar,3.5193,mmol/g,triangle_down,solid,#0d7d75,false,low,851.56,270.85,assigned_by=joint_assignment; source=auto,pt-6b38d2a8eb818ffc,src-878b8d5e0d727365,CO2,true,Legend entry CO2 @ 303K; caption states panel A contains CO2 isotherms on pure CALF-20.,co2_uptake,per gram of sorbent,visible_marker,,,,,,,
fig2a,a,fig2a:a:co2-303k-bc2a4dd1,CO2 303K,1013.1066,mbar,3.4939,mmol/g,triangle_down,solid,#0d7d75,false,medium,855.0,274.0,assigned_by=joint_assignment; source=auto,pt-62311227bbb7f75d,src-998837d88cc2533a,CO2,true,Legend entry CO2 @ 303K; caption states panel A contains CO2 isotherms on pure CALF-20.,co2_uptake,per gram of sorbent,visible_marker,,,,,,,
fig2a,a,fig2a:a:co2-303k-bc2a4dd1,CO2 303K,1079.3019,mbar,3.552,mmol/g,triangle_down,solid,#0d7d75,false,high,902.61,266.78,assigned_by=joint_assignment; source=auto,pt-80e04b4ce12e88ad,src-c1a838116ff040d8,CO2,true,Legend entry CO2 @ 303K; caption states panel A contains CO2 isotherms on pure CALF-20.,co2_uptake,per gram of sorbent,visible_marker,,,,,,,
fig2a,a,fig2a:a:co2-303k-bc2a4dd1,CO2 303K,1137.5351,mbar,3.5873,mmol/g,triangle_down,solid,#0d7d75,false,high,944.5,262.39,assigned_by=joint_assignment; source=auto,pt-49afb5918b97259e,src-fc9cf0d69515cd39,CO2,true,Legend entry CO2 @ 303K; caption states panel A contains CO2 isotherms on pure CALF-20.,co2_uptake,per gram of sorbent,visible_marker,,,,,,,
fig2a,a,fig2a:a:co2-303k-bc2a4dd1,CO2 303K,1192.4505,mbar,3.6146,mmol/g,triangle_down,solid,#0d7d75,false,high,984.0,259.0,assigned_by=joint_assignment; source=auto,pt-ab4b30c06292ea6c,src-dfdca6aa947300b6,CO2,true,Legend entry CO2 @ 303K; caption states panel A contains CO2 isotherms on pure CALF-20.,co2_uptake,per gram of sorbent,visible_marker,,,,,,,
fig2a,a,fig2a:a:co2-313k-21d87380,CO2 313K,17.6868,mbar,0.6931,mmol/g,triangle_left,solid,#b94fa3,false,high,139.01,622.02,assigned_by=color; source=auto,pt-8ed0e7ca4894189c,src-6e389a6dffb99803,CO2,true,Legend entry CO2 @ 313K; caption states panel A contains CO2 isotherms on pure CALF-20.,co2_uptake,per gram of sorbent,visible_marker,,,,,,,
fig2a,a,fig2a:a:co2-313k-21d87380,CO2 313K,51.6983,mbar,0.9873,mmol/g,triangle_left,solid,#b94fa3,true,low,163.47,585.46,overlap_flag=true; assigned_by=template; source=template_fill,pt-44559e9b16f23b74,src-cddb7255e213413b,CO2,true,Legend entry CO2 @ 313K; caption states panel A contains CO2 isotherms on pure CALF-20.,co2_uptake,per gram of sorbent,template_fill,,,,,,,
fig2a,a,fig2a:a:co2-313k-21d87380,CO2 313K,175.5429,mbar,2.0586,mmol/g,triangle_left,solid,#b94fa3,true,low,252.55,452.35,overlap_flag=true; assigned_by=template; source=template_fill,pt-35f704ba7974eec5,src-65fd30a7cfb60016,CO2,true,Legend entry CO2 @ 313K; caption states panel A contains CO2 isotherms on pure CALF-20.,co2_uptake,per gram of sorbent,template_fill,,,,,,,
fig2a,a,fig2a:a:co2-313k-21d87380,CO2 313K,204.3491,mbar,2.3076,mmol/g,triangle_left,solid,#b94fa3,true,low,273.27,421.41,overlap_flag=true; assigned_by=template; source=template_fill,pt-43e2097eb45576aa,src-40dc763cee5de975,CO2,true,Legend entry CO2 @ 313K; caption states panel A contains CO2 isotherms on pure CALF-20.,co2_uptake,per gram of sorbent,template_fill,,,,,,,
fig2a,a,fig2a:a:co2-313k-21d87380,CO2 313K,235.5399,mbar,2.5775,mmol/g,triangle_left,solid,#b94fa3,false,medium,295.71,387.87,assigned_by=color; source=auto,pt-294bb3f426880c6d,src-820a0e8a7c2acd66,CO2,true,Legend entry CO2 @ 313K; caption states panel A contains CO2 isotherms on pure CALF-20.,co2_uptake,per gram of sorbent,visible_marker,,,,,,,
fig2a,a,fig2a:a:co2-313k-21d87380,CO2 313K,250.7986,mbar,2.6464,mmol/g,triangle_left,solid,#b94fa3,false,medium,306.68,379.31,assigned_by=color; source=auto,pt-37d7fab2d2fc4ecb,src-32859a1f7a423a6a,CO2,true,Legend entry CO2 @ 313K; caption states panel A contains CO2 isotherms on pure CALF-20.,co2_uptake,per gram of sorbent,visible_marker,,,,,,,
fig2a,a,fig2a:a:co2-313k-21d87380,CO2 313K,296.5832,mbar,2.7027,mmol/g,triangle_left,solid,#b94fa3,false,high,339.61,372.31,assigned_by=color; source=auto,pt-9f21d863a1ef3c02,src-b1df2d78114baeb0,CO2,true,Legend entry CO2 @ 313K; caption states panel A contains CO2 isotherms on pure CALF-20.,co2_uptake,per gram of sorbent,visible_marker,,,,,,,
fig2a,a,fig2a:a:co2-313k-21d87380,CO2 313K,331.9316,mbar,2.796,mmol/g,triangle_left,solid,#b94fa3,false,medium,365.04,360.72,assigned_by=color; source=auto,pt-f61a874d4c7c8330,src-2731a19fb14b594a,CO2,true,Legend entry CO2 @ 313K; caption states panel A contains CO2 isotherms on pure CALF-20.,co2_uptake,per gram of sorbent,visible_marker,,,,,,,
fig2a,a,fig2a:a:co2-313k-21d87380,CO2 313K,359.8743,mbar,2.7941,mmol/g,triangle_left,solid,#b94fa3,false,medium,385.14,360.95,assigned_by=color; source=auto,pt-561e66af7feb9fd0,src-e3bdbf03b31c3953,CO2,true,Legend entry CO2 @ 313K; caption states panel A contains CO2 isotherms on pure CALF-20.,co2_uptake,per gram of sorbent,visible_marker,,,,,,,
fig2a,a,fig2a:a:co2-313k-21d87380,CO2 313K,418.7264,mbar,2.8723,mmol/g,triangle_left,solid,#b94fa3,false,medium,427.47,351.24,assigned_by=color; source=auto,pt-f15c93a9c1de9ef8,src-52d0848985de29d4,CO2,true,Legend entry CO2 @ 313K; caption states panel A contains CO2 isotherms on pure CALF-20.,co2_uptake,per gram of sorbent,visible_marker,,,,,,,
fig2a,a,fig2a:a:co2-313k-21d87380,CO2 313K,473.7754,mbar,2.9492,mmol/g,triangle_left,solid,#b94fa3,false,medium,467.07,341.69,assigned_by=color; source=auto,pt-55a1aa0e2f02fbc9,src-cf2ad7daa7e8648e,CO2,true,Legend entry CO2 @ 313K; caption states panel A contains CO2 isotherms on pure CALF-20.,co2_uptake,per gram of sorbent,visible_marker,,,,,,,
fig2a,a,fig2a:a:co2-313k-21d87380,CO2 313K,485.2565,mbar,2.9828,mmol/g,triangle_left,solid,#b94fa3,false,medium,475.32,337.5,assigned_by=color; source=auto,pt-058614086e354496,src-4c41c337ab558890,CO2,true,Legend entry CO2 @ 313K; caption states panel A contains CO2 isotherms on pure CALF-20.,co2_uptake,per gram of sorbent,visible_marker,,,,,,,
fig2a,a,fig2a:a:co2-313k-21d87380,CO2 313K,535.7111,mbar,2.9915,mmol/g,triangle_left,solid,#b94fa3,false,medium,511.61,336.43,assigned_by=color; source=auto,pt-55115395ec0bbe06,src-400395aaf1af01c4,CO2,true,Legend entry CO2 @ 313K; caption states panel A contains CO2 isotherms on pure CALF-20.,co2_uptake,per gram of sorbent,visible_marker,,,,,,,
fig2a,a,fig2a:a:co2-313k-21d87380,CO2 313K,636.5009,mbar,3.1233,mmol/g,triangle_left,solid,#b94fa3,false,medium,584.11,320.04,assigned_by=color; source=auto,pt-07dd48dd6ece50d4,src-9899dd30f0d89154,CO2,true,Legend entry CO2 @ 313K; caption states panel A contains CO2 isotherms on pure CALF-20.,co2_uptake,per gram of sorbent,visible_marker,,,,,,,
fig2a,a,fig2a:a:co2-313k-21d87380,CO2 313K,657.9169,mbar,3.1006,mmol/g,triangle_left,solid,#b94fa3,false,medium,599.52,322.87,assigned_by=color; source=auto,pt-fce6e9c63b5335f3,src-03c9d01a48ca808e,CO2,true,Legend entry CO2 @ 313K; caption states panel A contains CO2 isotherms on pure CALF-20.,co2_uptake,per gram of sorbent,visible_marker,,,,,,,
fig2a,a,fig2a:a:co2-313k-21d87380,CO2 313K,777.6035,mbar,3.1931,mmol/g,triangle_left,solid,#b94fa3,false,medium,685.61,311.37,assigned_by=color; source=auto,pt-5038a5118d528a69,src-e8e7fb477471b0a7,CO2,true,Legend entry CO2 @ 313K; caption states panel A contains CO2 isotherms on pure CALF-20.,co2_uptake,per gram of sorbent,visible_marker,,,,,,,
fig2a,a,fig2a:a:co2-313k-21d87380,CO2 313K,793.8527,mbar,3.2513,mmol/g,triangle_left,solid,#b94fa3,false,medium,697.29,304.14,assigned_by=color; source=auto,pt-a0c81a8cb70993c2,src-70ce49bfb86f63af,CO2,true,Legend entry CO2 @ 313K; caption states panel A contains CO2 isotherms on pure CALF-20.,co2_uptake,per gram of sorbent,visible_marker,,,,,,,
fig2a,a,fig2a:a:co2-313k-21d87380,CO2 313K,838.423,mbar,3.2451,mmol/g,triangle_left,solid,#b94fa3,false,high,729.35,304.92,assigned_by=color; source=auto,pt-683a1219758e840f,src-4b47598155e7bbb5,CO2,true,Legend entry CO2 @ 313K; caption states panel A contains CO2 isotherms on pure CALF-20.,co2_uptake,per gram of sorbent,visible_marker,,,,,,,
fig2a,a,fig2a:a:co2-313k-21d87380,CO2 313K,869.6038,mbar,3.2964,mmol/g,triangle_left,solid,#b94fa3,false,medium,751.78,298.55,assigned_by=color; source=auto,pt-aa8a5b7c64295e75,src-a36ee783248948ad,CO2,true,Legend entry CO2 @ 313K; caption states panel A contains CO2 isotherms on pure CALF-20.,co2_uptake,per gram of sorbent,visible_marker,,,,,,,
fig2a,a,fig2a:a:co2-313k-21d87380,CO2 313K,899.3355,mbar,3.2929,mmol/g,triangle_left,solid,#b94fa3,false,medium,773.17,298.97,assigned_by=color; source=auto,pt-435fa710e3cef5aa,src-08237b4fc8a1a7cf,CO2,true,Legend entry CO2 @ 313K; caption states panel A contains CO2 isotherms on pure CALF-20.,co2_uptake,per gram of sorbent,visible_marker,,,,,,,
fig2a,a,fig2a:a:co2-313k-21d87380,CO2 313K,930.6821,mbar,3.34,mmol/g,triangle_left,solid,#b94fa3,false,medium,795.71,293.12,assigned_by=color; source=auto,pt-ce83f6858f9d00be,src-6bb0005fcd1d90db,CO2,true,Legend entry CO2 @ 313K; caption states panel A contains CO2 isotherms on pure CALF-20.,co2_uptake,per gram of sorbent,visible_marker,,,,,,,
fig2a,a,fig2a:a:co2-313k-21d87380,CO2 313K,958.4984,mbar,3.3293,mmol/g,triangle_left,solid,#b94fa3,false,high,815.72,294.45,assigned_by=color; source=auto,pt-60f4a7b1ce336948,src-68ebc4d8cc1f1594,CO2,true,Legend entry CO2 @ 313K; caption states panel A contains CO2 isotherms on pure CALF-20.,co2_uptake,per gram of sorbent,visible_marker,,,,,,,
fig2a,a,fig2a:a:co2-313k-21d87380,CO2 313K,1008.4877,mbar,3.3731,mmol/g,triangle_left,solid,#b94fa3,false,low,851.68,289.01,assigned_by=color; source=auto,pt-fe201c0d090e89dd,src-44a13a636174d508,CO2,true,Legend entry CO2 @ 313K; caption states panel A contains CO2 isotherms on pure CALF-20.,co2_uptake,per gram of sorbent,visible_marker,,,,,,,
fig2a,a,fig2a:a:co2-313k-21d87380,CO2 313K,1075.1012,mbar,3.4068,mmol/g,triangle_left,solid,#b94fa3,false,low,899.59,284.82,overlap_flag=true; assigned_by=color; source=auto,pt-e5439cb79fa9eef2,src-87d3150699ad1096,CO2,true,Legend entry CO2 @ 313K; caption states panel A contains CO2 isotherms on pure CALF-20.,co2_uptake,per gram of sorbent,partially_visible_marker,,,,,,,
fig2a,a,fig2a:a:co2-313k-21d87380,CO2 313K,1087.2644,mbar,3.41,mmol/g,triangle_left,solid,#b94fa3,false,low,908.34,284.42,overlap_flag=true; assigned_by=color; source=auto,pt-b687cd0e1cac8ee3,src-e0dbf1170cec78f5,CO2,true,Legend entry CO2 @ 313K; caption states panel A contains CO2 isotherms on pure CALF-20.,co2_uptake,per gram of sorbent,partially_visible_marker,,,,,,,
fig2a,a,fig2a:a:co2-313k-21d87380,CO2 313K,1140.0015,mbar,3.4433,mmol/g,triangle_left,solid,#b94fa3,false,medium,946.27,280.28,assigned_by=color; source=auto,pt-c92f49e307ed6a3a,src-82970aa06c043a69,CO2,true,Legend entry CO2 @ 313K; caption states panel A contains CO2 isotherms on pure CALF-20.,co2_uptake,per gram of sorbent,visible_marker,,,,,,,
fig2a,a,fig2a:a:co2-313k-21d87380,CO2 313K,1192.0295,mbar,3.4661,mmol/g,triangle_left,solid,#b94fa3,false,high,983.7,277.45,assigned_by=color; source=auto,pt-7a4fba8ef0b256f6,src-cb626a365230e7dc,CO2,true,Legend entry CO2 @ 313K; caption states panel A contains CO2 isotherms on pure CALF-20.,co2_uptake,per gram of sorbent,visible_marker,,,,,,,
fig2a,a,fig2a:a:co2-323k-c5e1f4c4,CO2 323K,16.248,mbar,0.4542,mmol/g,triangle_right,solid,#76792b,false,high,137.97,651.71,assigned_by=color; source=auto,pt-dd949e02d4eb7831,src-9dd7badcb4d02cde,CO2,true,Legend entry CO2 @ 323K; caption states panel A contains CO2 isotherms on pure CALF-20.,co2_uptake,per gram of sorbent,visible_marker,,,,,,,
fig2a,a,fig2a:a:co2-323k-c5e1f4c4,CO2 323K,16.8777,mbar,0.5242,mmol/g,triangle_right,solid,#76792b,false,medium,138.42,643.02,assigned_by=color; source=auto,pt-b7105fcc1e493ef8,src-c5a509fbcf0ac097,CO2,true,Legend entry CO2 @ 323K; caption states panel A contains CO2 isotherms on pure CALF-20.,co2_uptake,per gram of sorbent,visible_marker,,,,,,,
fig2a,a,fig2a:a:co2-323k-c5e1f4c4,CO2 323K,31.05,mbar,0.8215,mmol/g,triangle_right,solid,#76792b,false,high,148.62,606.07,assigned_by=color; source=auto,pt-4c509301288e1166,src-fc7ce9156b5d4c22,CO2,true,Legend entry CO2 @ 323K; caption states panel A contains CO2 isotherms on pure CALF-20.,co2_uptake,per gram of sorbent,visible_marker,,,,,,,
fig2a,a,fig2a:a:co2-323k-c5e1f4c4,CO2 323K,31.5812,mbar,0.8703,mmol/g,triangle_right,solid,#76792b,false,medium,149.0,600.0,overlap_flag=true; assigned_by=dense_region; source=auto,pt-f0d2d7e1993ea53c,src-d5ac929271eaaa3e,CO2,true,Legend entry CO2 @ 323K; caption states panel A contains CO2 isotherms on pure CALF-20.,co2_uptake,per gram of sorbent,partially_visible_marker,,,,,,,
fig2a,a,fig2a:a:co2-323k-c5e1f4c4,CO2 323K,51.0449,mbar,1.1037,mmol/g,triangle_right,solid,#76792b,false,medium,163.0,571.0,overlap_flag=true; assigned_by=dense_region; source=auto,pt-75046bbef04d95cc,src-5736a85231c8ca19,CO2,true,Legend entry CO2 @ 323K; caption states panel A contains CO2 isotherms on pure CALF-20.,co2_uptake,per gram of sorbent,partially_visible_marker,,,,,,,
fig2a,a,fig2a:a:co2-323k-c5e1f4c4,CO2 323K,67.728,mbar,1.3291,mmol/g,triangle_right,solid,#76792b,false,medium,175.0,543.0,overlap_flag=true; assigned_by=dense_region; source=auto,pt-409119e3c06f7b31,src-61bb0be9e7c77a21,CO2,true,Legend entry CO2 @ 323K; caption states panel A contains CO2 isotherms on pure CALF-20.,co2_uptake,per gram of sorbent,partially_visible_marker,,,,,,,
fig2a,a,fig2a:a:co2-323k-c5e1f4c4,CO2 323K,175.5429,mbar,1.8913,mmol/g,triangle_right,solid,#76792b,true,low,252.55,473.13,overlap_flag=true; assigned_by=template; source=template_fill,pt-086e2353e41b377d,src-5aabde69db381458,CO2,true,Legend entry CO2 @ 323K; caption states panel A contains CO2 isotherms on pure CALF-20.,co2_uptake,per gram of sorbent,template_fill,,,,,,,
fig2a,a,fig2a:a:co2-323k-c5e1f4c4,CO2 323K,204.3491,mbar,2.1046,mmol/g,triangle_right,solid,#76792b,true,low,273.27,446.63,overlap_flag=true; assigned_by=template; source=template_fill,pt-0a01941f34ecb91e,src-9f9c826791bdde64,CO2,true,Legend entry CO2 @ 323K; caption states panel A contains CO2 isotherms on pure CALF-20.,co2_uptake,per gram of sorbent,template_fill,,,,,,,
fig2a,a,fig2a:a:co2-323k-c5e1f4c4,CO2 323K,234.4818,mbar,2.3277,mmol/g,triangle_right,solid,#76792b,false,high,294.94,418.91,assigned_by=color; source=auto,pt-48ff0f76769c8478,src-316fcf5abe7a39bb,CO2,true,Legend entry CO2 @ 323K; caption states panel A contains CO2 isotherms on pure CALF-20.,co2_uptake,per gram of sorbent,visible_marker,,,,,,,
fig2a,a,fig2a:a:co2-323k-c5e1f4c4,CO2 323K,252.0143,mbar,2.4136,mmol/g,triangle_right,solid,#76792b,false,high,307.55,408.24,assigned_by=color; source=auto,pt-7d61d06fd54a6cc1,src-cc300cc67bfeff68,CO2,true,Legend entry CO2 @ 323K; caption states panel A contains CO2 isotherms on pure CALF-20.,co2_uptake,per gram of sorbent,visible_marker,,,,,,,
fig2a,a,fig2a:a:co2-323k-c5e1f4c4,CO2 323K,296.7711,mbar,2.4568,mmol/g,triangle_right,solid,#76792b,false,high,339.75,402.87,assigned_by=color; source=auto,pt-22ba8fb2a3e0fbfa,src-b51288f9edef5d6a,CO2,true,Legend entry CO2 @ 323K; caption states panel A contains CO2 isotherms on pure CALF-20.,co2_uptake,per gram of sorbent,visible_marker,,,,,,,
fig2a,a,fig2a:a:co2-323k-c5e1f4c4,CO2 323K,329.7211,mbar,2.5482,mmol/g,triangle_right,solid,#76792b,false,high,363.45,391.5,assigned_by=color; source=auto,pt-eb4f655dd6ee30ef,src-d5620e33469388bd,CO2,true,Legend entry CO2 @ 323K; caption states panel A contains CO2 isotherms on pure CALF-20.,co2_uptake,per gram of sorbent,visible_marker,,,,,,,
fig2a,a,fig2a:a:co2-323k-c5e1f4c4,CO2 323K,357.4728,mbar,2.5544,mmol/g,triangle_right,solid,#76792b,false,high,383.41,390.74,assigned_by=color; source=auto,pt-1aedace6a799eb68,src-7f00f9a697517e99,CO2,true,Legend entry CO2 @ 323K; caption states panel A contains CO2 isotherms on pure CALF-20.,co2_uptake,per gram of sorbent,visible_marker,,,,,,,
fig2a,a,fig2a:a:co2-323k-c5e1f4c4,CO2 323K,406.993,mbar,2.6485,mmol/g,triangle_right,solid,#76792b,false,medium,419.03,379.05,assigned_by=color; source=auto,pt-75b4d6bb2b97860d,src-f1dd684c64023e67,CO2,true,Legend entry CO2 @ 323K; caption states panel A contains CO2 isotherms on pure CALF-20.,co2_uptake,per gram of sorbent,visible_marker,,,,,,,
fig2a,a,fig2a:a:co2-323k-c5e1f4c4,CO2 323K,419.5471,mbar,2.6236,mmol/g,triangle_right,solid,#76792b,false,low,428.06,382.14,overlap_flag=true; assigned_by=color; source=auto,pt-8aa44226f443c3fe,src-7219626754187b52,CO2,true,Legend entry CO2 @ 323K; caption states panel A contains CO2 isotherms on pure CALF-20.,co2_uptake,per gram of sorbent,partially_visible_marker,,,,,,,
fig2a,a,fig2a:a:co2-323k-c5e1f4c4,CO2 323K,474.8259,mbar,2.6993,mmol/g,triangle_right,solid,#76792b,false,medium,467.82,372.74,assigned_by=color; source=auto,pt-4d9cc0327453fff1,src-d8fd1a65c0140495,CO2,true,Legend entry CO2 @ 323K; caption states panel A contains CO2 isotherms on pure CALF-20.,co2_uptake,per gram of sorbent,visible_marker,,,,,,,
fig2a,a,fig2a:a:co2-323k-c5e1f4c4,CO2 323K,535.1439,mbar,2.7461,mmol/g,triangle_right,solid,#76792b,false,high,511.21,366.92,assigned_by=color; source=auto,pt-7d0b4e19e948f86a,src-af7e78d0b8d3befe,CO2,true,Legend entry CO2 @ 323K; caption states panel A contains CO2 isotherms on pure CALF-20.,co2_uptake,per gram of sorbent,visible_marker,,,,,,,
fig2a,a,fig2a:a:co2-323k-c5e1f4c4,CO2 323K,562.3091,mbar,2.8016,mmol/g,triangle_right,solid,#76792b,false,high,530.75,360.02,assigned_by=color; source=auto,pt-28fa8ecfc88611f5,src-be2a44744178b4e6,CO2,true,Legend entry CO2 @ 323K; caption states panel A contains CO2 isotherms on pure CALF-20.,co2_uptake,per gram of sorbent,visible_marker,,,,,,,
fig2a,a,fig2a:a:co2-323k-c5e1f4c4,CO2 323K,595.3327,mbar,2.7937,mmol/g,triangle_right,solid,#76792b,false,high,554.5,361.0,assigned_by=color; source=auto,pt-dad4f096de70aafb,src-2de3ec970a942f1f,CO2,true,Legend entry CO2 @ 323K; caption states panel A contains CO2 isotherms on pure CALF-20.,co2_uptake,per gram of sorbent,visible_marker,,,,,,,
fig2a,a,fig2a:a:co2-323k-c5e1f4c4,CO2 323K,635.9023,mbar,2.8691,mmol/g,triangle_right,solid,#76792b,false,medium,583.68,351.64,assigned_by=color; source=auto,pt-af92d11b0691a293,src-b694ab25d69ba7d6,CO2,true,Legend entry CO2 @ 323K; caption states panel A contains CO2 isotherms on pure CALF-20.,co2_uptake,per gram of sorbent,visible_marker,,,,,,,
fig2a,a,fig2a:a:co2-323k-c5e1f4c4,CO2 323K,654.4258,mbar,2.8442,mmol/g,triangle_right,solid,#76792b,false,medium,597.0,354.73,assigned_by=color; source=auto,pt-ab6ed40c87e13829,src-290153a8e938c5e7,CO2,true,Legend entry CO2 @ 323K; caption states panel A contains CO2 isotherms on pure CALF-20.,co2_uptake,per gram of sorbent,visible_marker,,,,,,,
fig2a,a,fig2a:a:co2-323k-c5e1f4c4,CO2 323K,717.0335,mbar,2.8921,mmol/g,triangle_right,solid,#76792b,false,high,642.04,348.77,assigned_by=color; source=auto,pt-aae752c816b4794b,src-6bde0012408e345c,CO2,true,Legend entry CO2 @ 323K; caption states panel A contains CO2 isotherms on pure CALF-20.,co2_uptake,per gram of sorbent,visible_marker,,,,,,,
fig2a,a,fig2a:a:co2-323k-c5e1f4c4,CO2 323K,775.8356,mbar,2.9227,mmol/g,triangle_right,solid,#76792b,false,medium,684.33,344.98,assigned_by=color; source=auto,pt-5f1502279358864c,src-93d6f2fd79f7585b,CO2,true,Legend entry CO2 @ 323K; caption states panel A contains CO2 isotherms on pure CALF-20.,co2_uptake,per gram of sorbent,visible_marker,,,,,,,
fig2a,a,fig2a:a:co2-323k-c5e1f4c4,CO2 323K,791.6204,mbar,2.9618,mmol/g,triangle_right,solid,#76792b,false,medium,695.69,340.11,assigned_by=color; source=auto,pt-21bc9b5a1a4b1407,src-24d03b4d989ddf62,CO2,true,Legend entry CO2 @ 323K; caption states panel A contains CO2 isotherms on pure CALF-20.,co2_uptake,per gram of sorbent,visible_marker,,,,,,,
fig2a,a,fig2a:a:co2-323k-c5e1f4c4,CO2 323K,838.2672,mbar,2.9597,mmol/g,triangle_right,solid,#76792b,false,high,729.24,340.38,assigned_by=color; source=auto,pt-a1388f03328e210e,src-42bb2ca780a1e2b6,CO2,true,Legend entry CO2 @ 323K; caption states panel A contains CO2 isotherms on pure CALF-20.,co2_uptake,per gram of sorbent,visible_marker,,,,,,,
fig2a,a,fig2a:a:co2-323k-c5e1f4c4,CO2 323K,866.1406,mbar,2.9897,mmol/g,triangle_right,solid,#76792b,false,high,749.29,336.66,assigned_by=color; source=auto,pt-141f0156197c3c06,src-a65fdce35f9d582e,CO2,true,Legend entry CO2 @ 323K; caption states panel A contains CO2 isotherms on pure CALF-20.,co2_uptake,per gram of sorbent,visible_marker,,,,,,,
fig2a,a,fig2a:a:co2-323k-c5e1f4c4,CO2 323K,896.9652,mbar,2.9872,mmol/g,triangle_right,solid,#76792b,false,high,771.46,336.96,assigned_by=color; source=auto,pt-8e6e6321405d48e2,src-3e0fc966e11d214f,CO2,true,Legend entry CO2 @ 323K; caption states panel A contains CO2 isotherms on pure CALF-20.,co2_uptake,per gram of sorbent,visible_marker,,,,,,,
fig2a,a,fig2a:a:co2-323k-c5e1f4c4,CO2 323K,928.6151,mbar,3.03,mmol/g,triangle_right,solid,#76792b,false,high,794.23,331.64,assigned_by=color; source=auto,pt-9be0495f245592f9,src-497ee55fd19a9f10,CO2,true,Legend entry CO2 @ 323K; caption states panel A contains CO2 isotherms on pure CALF-20.,co2_uptake,per gram of sorbent,visible_marker,,,,,,,
fig2a,a,fig2a:a:co2-323k-c5e1f4c4,CO2 323K,960.2339,mbar,3.0191,mmol/g,triangle_right,solid,#76792b,false,high,816.97,333.0,assigned_by=color; source=auto,pt-4537631543a2f9de,src-4709deade02f5a81,CO2,true,Legend entry CO2 @ 323K; caption states panel A contains CO2 isotherms on pure CALF-20.,co2_uptake,per gram of sorbent,visible_marker,,,,,,,
fig2a,a,fig2a:a:co2-323k-c5e1f4c4,CO2 323K,1005.8758,mbar,3.0596,mmol/g,triangle_right,solid,#76792b,false,medium,849.8,327.97,overlap_flag=true; assigned_by=color; source=auto,pt-69587bc7fdd5f234,src-17eb1307f650c5e7,CO2,true,Legend entry CO2 @ 323K; caption states panel A contains CO2 isotherms on pure CALF-20.,co2_uptake,per gram of sorbent,partially_visible_marker,,,,,,,
fig2a,a,fig2a:a:co2-323k-c5e1f4c4,CO2 323K,1017.4268,mbar,3.0516,mmol/g,triangle_right,solid,#76792b,false,low,858.11,328.96,overlap_flag=true; assigned_by=color; source=auto,pt-05570fd0c6789d6e,src-58a63281d9dcf391,CO2,true,Legend entry CO2 @ 323K; caption states panel A contains CO2 isotherms on pure CALF-20.,co2_uptake,per gram of sorbent,partially_visible_marker,,,,,,,
fig2a,a,fig2a:a:co2-323k-c5e1f4c4,CO2 323K,1079.2582,mbar,3.0833,mmol/g,triangle_right,solid,#76792b,false,high,902.58,325.02,assigned_by=color; source=auto,pt-f97841b2ca85aba9,src-5ea4a564f0324df6,CO2,true,Legend entry CO2 @ 323K; caption states panel A contains CO2 isotherms on pure CALF-20.,co2_uptake,per gram of sorbent,visible_marker,,,,,,,
fig2a,a,fig2a:a:co2-323k-c5e1f4c4,CO2 323K,1138.3998,mbar,3.1099,mmol/g,triangle_right,solid,#76792b,false,high,945.12,321.72,assigned_by=color; source=auto,pt-267d107b9c7ab664,src-88e9898e8481870e,CO2,true,Legend entry CO2 @ 323K; caption states panel A contains CO2 isotherms on pure CALF-20.,co2_uptake,per gram of sorbent,visible_marker,,,,,,,
fig2a,a,fig2a:a:co2-323k-c5e1f4c4,CO2 323K,1192.3564,mbar,3.1368,mmol/g,triangle_right,solid,#76792b,false,high,983.93,318.37,assigned_by=color; source=auto,pt-a31a66f8b90b04e9,src-2b4278613d2a5ef5,CO2,true,Legend entry CO2 @ 323K; caption states panel A contains CO2 isotherms on pure CALF-20.,co2_uptake,per gram of sorbent,visible_marker,,,,,,,
fig2a,a,fig2a:a:co2-333k-94a1f9ba,CO2 333K,9.337,mbar,0.3553,mmol/g,diamond,solid,#282372,false,medium,133.0,664.0,overlap_flag=true; assigned_by=dense_region; source=auto,pt-d9261533bb39d830,src-9954f8e41b07b2c4,CO2,true,Legend entry CO2 @ 333K; caption states panel A contains CO2 isotherms on pure CALF-20.,co2_uptake,per gram of sorbent,partially_visible_marker,,,,,,,
fig2a,a,fig2a:a:co2-333k-94a1f9ba,CO2 333K,17.6786,mbar,0.4518,mmol/g,diamond,solid,#282372,false,medium,139.0,652.0,overlap_flag=true; assigned_by=dense_region; source=auto,pt-26188f499d4edf7b,src-3c0a7703430a74de,CO2,true,Legend entry CO2 @ 333K; caption states panel A contains CO2 isotherms on pure CALF-20.,co2_uptake,per gram of sorbent,partially_visible_marker,,,,,,,
fig2a,a,fig2a:a:co2-333k-94a1f9ba,CO2 333K,51.3829,mbar,0.7875,mmol/g,diamond,solid,#282372,false,high,163.24,610.29,assigned_by=joint_assignment; source=auto,pt-510b18bb1a7f7e58,src-c6696c3f08206897,CO2,true,Legend entry CO2 @ 333K; caption states panel A contains CO2 isotherms on pure CALF-20.,co2_uptake,per gram of sorbent,visible_marker,,,,,,,
fig2a,a,fig2a:a:co2-333k-94a1f9ba,CO2 333K,64.8946,mbar,0.9419,mmol/g,diamond,solid,#282372,false,high,172.96,591.1,assigned_by=joint_assignment; source=auto,pt-43bcbc055e1b6b29,src-2e240e51706d51a8,CO2,true,Legend entry CO2 @ 333K; caption states panel A contains CO2 isotherms on pure CALF-20.,co2_uptake,per gram of sorbent,visible_marker,,,,,,,
fig2a,a,fig2a:a:co2-333k-94a1f9ba,CO2 333K,80.7267,mbar,1.1192,mmol/g,diamond,solid,#282372,false,high,184.35,569.08,assigned_by=joint_assignment; source=auto,pt-eb3bae54903a0a2e,src-62d6595e08b73d2d,CO2,true,Legend entry CO2 @ 333K; caption states panel A contains CO2 isotherms on pure CALF-20.,co2_uptake,per gram of sorbent,visible_marker,,,,,,,
fig2a,a,fig2a:a:co2-333k-94a1f9ba,CO2 333K,103.8748,mbar,1.4015,mmol/g,diamond,solid,#282372,false,medium,201.0,534.0,overlap_flag=true; assigned_by=dense_region; source=auto,pt-1241db8093fd215d,src-69b9e1486f224fd8,CO2,true,Legend entry CO2 @ 333K; caption states panel A contains CO2 isotherms on pure CALF-20.,co2_uptake,per gram of sorbent,partially_visible_marker,,,,,,,
fig2a,a,fig2a:a:co2-333k-94a1f9ba,CO2 333K,177.5588,mbar,1.8361,mmol/g,diamond,solid,#282372,false,medium,254.0,480.0,overlap_flag=true; assigned_by=dense_region; source=auto,pt-8ad0cf999411ee02,src-83b23d8a03d2f1a6,CO2,true,Legend entry CO2 @ 333K; caption states panel A contains CO2 isotherms on pure CALF-20.,co2_uptake,per gram of sorbent,partially_visible_marker,,,,,,,
fig2a,a,fig2a:a:co2-333k-94a1f9ba,CO2 333K,220.6569,mbar,1.997,mmol/g,diamond,solid,#282372,false,medium,285.0,460.0,overlap_flag=true; assigned_by=dense_region; source=auto,pt-cd5559fe99a977a1,src-292ff20870ce67fe,CO2,true,Legend entry CO2 @ 333K; caption states panel A contains CO2 isotherms on pure CALF-20.,co2_uptake,per gram of sorbent,partially_visible_marker,,,,,,,
fig2a,a,fig2a:a:co2-333k-94a1f9ba,CO2 333K,236.5858,mbar,2.0329,mmol/g,diamond,solid,#282372,false,medium,296.46,455.54,assigned_by=joint_assignment; source=auto,pt-404be539bf9e53ea,src-b0908de91c579d48,CO2,true,Legend entry CO2 @ 333K; caption states panel A contains CO2 isotherms on pure CALF-20.,co2_uptake,per gram of sorbent,visible_marker,,,,,,,
fig2a,a,fig2a:a:co2-333k-94a1f9ba,CO2 333K,245.6816,mbar,2.0775,mmol/g,diamond,solid,#282372,false,medium,303.0,450.0,assigned_by=joint_assignment; source=auto,pt-1085243bd4d5e03a,src-c38357ac5629c6e5,CO2,true,Legend entry CO2 @ 333K; caption states panel A contains CO2 isotherms on pure CALF-20.,co2_uptake,per gram of sorbent,visible_marker,,,,,,,
fig2a,a,fig2a:a:co2-333k-94a1f9ba,CO2 333K,252.2053,mbar,2.1098,mmol/g,diamond,solid,#282372,false,medium,307.69,445.98,assigned_by=joint_assignment; source=auto,pt-5f0d36d2e2e11385,src-0c54ef79cf784d15,CO2,true,Legend entry CO2 @ 333K; caption states panel A contains CO2 isotherms on pure CALF-20.,co2_uptake,per gram of sorbent,visible_marker,,,,,,,
fig2a,a,fig2a:a:co2-333k-94a1f9ba,CO2 333K,296.8108,mbar,2.1882,mmol/g,diamond,solid,#282372,false,high,339.78,436.24,assigned_by=joint_assignment; source=auto,pt-4e3378ab5a4f98cf,src-60490e1f00b6182a,CO2,true,Legend entry CO2 @ 333K; caption states panel A contains CO2 isotherms on pure CALF-20.,co2_uptake,per gram of sorbent,visible_marker,,,,,,,
fig2a,a,fig2a:a:co2-333k-94a1f9ba,CO2 333K,330.8028,mbar,2.2993,mmol/g,diamond,solid,#282372,false,high,364.23,422.44,assigned_by=joint_assignment; source=auto,pt-60f9cd2751de39dc,src-6d9c5027e54d2ca6,CO2,true,Legend entry CO2 @ 333K; caption states panel A contains CO2 isotherms on pure CALF-20.,co2_uptake,per gram of sorbent,visible_marker,,,,,,,
fig2a,a,fig2a:a:co2-333k-94a1f9ba,CO2 333K,359.9708,mbar,2.3082,mmol/g,diamond,solid,#282372,false,high,385.21,421.33,assigned_by=joint_assignment; source=auto,pt-b3fe790e3f6f79b0,src-fe3a3e153206f118,CO2,true,Legend entry CO2 @ 333K; caption states panel A contains CO2 isotherms on pure CALF-20.,co2_uptake,per gram of sorbent,visible_marker,,,,,,,
fig2a,a,fig2a:a:co2-333k-94a1f9ba,CO2 333K,406.8166,mbar,2.4167,mmol/g,diamond,solid,#282372,false,medium,418.9,407.85,assigned_by=joint_assignment; source=auto,pt-a2a1c07dee02d558,src-77a6229adcd2284f,CO2,true,Legend entry CO2 @ 333K; caption states panel A contains CO2 isotherms on pure CALF-20.,co2_uptake,per gram of sorbent,visible_marker,,,,,,,
fig2a,a,fig2a:a:co2-333k-94a1f9ba,CO2 333K,420.5434,mbar,2.3974,mmol/g,diamond,solid,#282372,false,medium,428.78,410.25,assigned_by=joint_assignment; source=auto,pt-afba90b948b6a0ac,src-bd4315d40046c976,CO2,true,Legend entry CO2 @ 333K; caption states panel A contains CO2 isotherms on pure CALF-20.,co2_uptake,per gram of sorbent,visible_marker,,,,,,,
fig2a,a,fig2a:a:co2-333k-94a1f9ba,CO2 333K,471.8676,mbar,2.4533,mmol/g,diamond,solid,#282372,false,low,465.69,403.31,assigned_by=joint_assignment; source=auto,pt-6a34234f9d4cc39b,src-894d0323e7a4cf70,CO2,true,Legend entry CO2 @ 333K; caption states panel A contains CO2 isotherms on pure CALF-20.,co2_uptake,per gram of sorbent,visible_marker,,,,,,,
fig2a,a,fig2a:a:co2-333k-94a1f9ba,CO2 333K,483.4165,mbar,2.504,mmol/g,diamond,solid,#282372,false,medium,474.0,397.0,assigned_by=joint_assignment; source=auto,pt-1df89ff94cb7cb8c,src-913f43bb91422390,CO2,true,Legend entry CO2 @ 333K; caption states panel A contains CO2 isotherms on pure CALF-20.,co2_uptake,per gram of sorbent,visible_marker,,,,,,,
fig2a,a,fig2a:a:co2-333k-94a1f9ba,CO2 333K,488.4104,mbar,2.5309,mmol/g,diamond,solid,#282372,false,high,477.59,393.67,assigned_by=joint_assignment; source=auto,pt-54d91602c80cc6a2,src-9e7883b1d1fdc20d,CO2,true,Legend entry CO2 @ 333K; caption states panel A contains CO2 isotherms on pure CALF-20.,co2_uptake,per gram of sorbent,visible_marker,,,,,,,
fig2a,a,fig2a:a:co2-333k-94a1f9ba,CO2 333K,534.1219,mbar,2.5249,mmol/g,diamond,solid,#282372,false,high,510.47,394.41,assigned_by=joint_assignment; source=auto,pt-95b1168c55b90eb2,src-3055c9c83b1ea1d4,CO2,true,Legend entry CO2 @ 333K; caption states panel A contains CO2 isotherms on pure CALF-20.,co2_uptake,per gram of sorbent,visible_marker,,,,,,,
fig2a,a,fig2a:a:co2-333k-94a1f9ba,CO2 333K,562.0515,mbar,2.588,mmol/g,diamond,solid,#282372,false,high,530.56,386.57,assigned_by=joint_assignment; source=auto,pt-52c704e771602a22,src-a654fc0571c0b69a,CO2,true,Legend entry CO2 @ 333K; caption states panel A contains CO2 isotherms on pure CALF-20.,co2_uptake,per gram of sorbent,visible_marker,,,,,,,
fig2a,a,fig2a:a:co2-333k-94a1f9ba,CO2 333K,595.0706,mbar,2.5787,mmol/g,diamond,solid,#282372,false,high,554.31,387.72,assigned_by=joint_assignment; source=auto,pt-be0ab0fe4be1ac60,src-7f455e4c8967c8f4,CO2,true,Legend entry CO2 @ 333K; caption states panel A contains CO2 isotherms on pure CALF-20.,co2_uptake,per gram of sorbent,visible_marker,,,,,,,
fig2a,a,fig2a:a:co2-333k-94a1f9ba,CO2 333K,637.6166,mbar,2.6416,mmol/g,diamond,solid,#282372,false,medium,584.91,379.91,assigned_by=joint_assignment; source=auto,pt-b8134c2c0d46fe13,src-fe7aa847ba86448d,CO2,true,Legend entry CO2 @ 333K; caption states panel A contains CO2 isotherms on pure CALF-20.,co2_uptake,per gram of sorbent,visible_marker,,,,,,,
fig2a,a,fig2a:a:co2-333k-94a1f9ba,CO2 333K,655.3831,mbar,2.626,mmol/g,diamond,solid,#282372,false,high,597.69,381.85,assigned_by=joint_assignment; source=auto,pt-2169a8f22d4691e3,src-b0313e565bb0afbe,CO2,true,Legend entry CO2 @ 333K; caption states panel A contains CO2 isotherms on pure CALF-20.,co2_uptake,per gram of sorbent,visible_marker,,,,,,,
fig2a,a,fig2a:a:co2-333k-94a1f9ba,CO2 333K,715.7073,mbar,2.677,mmol/g,diamond,solid,#282372,false,high,641.08,375.51,assigned_by=joint_assignment; source=auto,pt-19420720f421c0e4,src-90e40f92d3bff548,CO2,true,Legend entry CO2 @ 333K; caption states panel A contains CO2 isotherms on pure CALF-20.,co2_uptake,per gram of sorbent,visible_marker,,,,,,,
fig2a,a,fig2a:a:co2-333k-94a1f9ba,CO2 333K,781.049,mbar,2.7064,mmol/g,diamond,solid,#282372,false,high,688.08,371.85,assigned_by=joint_assignment; source=auto,pt-5ede6fc73c54af42,src-3c88f6e6edab8f03,CO2,true,Legend entry CO2 @ 333K; caption states panel A contains CO2 isotherms on pure CALF-20.,co2_uptake,per gram of sorbent,visible_marker,,,,,,,
fig2a,a,fig2a:a:co2-333k-94a1f9ba,CO2 333K,795.0551,mbar,2.746,mmol/g,diamond,solid,#282372,false,low,698.16,366.93,assigned_by=joint_assignment; source=auto,pt-efa647caf421d006,src-c5513c203f7cf484,CO2,true,Legend entry CO2 @ 333K; caption states panel A contains CO2 isotherms on pure CALF-20.,co2_uptake,per gram of sorbent,visible_marker,,,,,,,
fig2a,a,fig2a:a:co2-333k-94a1f9ba,CO2 333K,837.0981,mbar,2.7353,mmol/g,diamond,solid,#282372,false,high,728.4,368.26,assigned_by=joint_assignment; source=auto,pt-de5fa333401178a0,src-1357c0324e759aff,CO2,true,Legend entry CO2 @ 333K; caption states panel A contains CO2 isotherms on pure CALF-20.,co2_uptake,per gram of sorbent,visible_marker,,,,,,,
fig2a,a,fig2a:a:co2-333k-94a1f9ba,CO2 333K,867.7493,mbar,2.7801,mmol/g,diamond,solid,#282372,false,high,750.45,362.69,assigned_by=joint_assignment; source=auto,pt-eba939b80a0f8513,src-f59c71d89f617eb4,CO2,true,Legend entry CO2 @ 333K; caption states panel A contains CO2 isotherms on pure CALF-20.,co2_uptake,per gram of sorbent,visible_marker,,,,,,,
fig2a,a,fig2a:a:co2-333k-94a1f9ba,CO2 333K,897.9047,mbar,2.7607,mmol/g,diamond,solid,#282372,false,high,772.14,365.1,assigned_by=joint_assignment; source=auto,pt-e759050415ea01b3,src-5f1c154e7ed149e3,CO2,true,Legend entry CO2 @ 333K; caption states panel A contains CO2 isotherms on pure CALF-20.,co2_uptake,per gram of sorbent,visible_marker,,,,,,,
fig2a,a,fig2a:a:co2-333k-94a1f9ba,CO2 333K,926.6921,mbar,2.8051,mmol/g,diamond,solid,#282372,false,high,792.84,359.59,assigned_by=joint_assignment; source=auto,pt-9e2764b32170c272,src-940a148cae14f7e0,CO2,true,Legend entry CO2 @ 333K; caption states panel A contains CO2 isotherms on pure CALF-20.,co2_uptake,per gram of sorbent,visible_marker,,,,,,,
fig2a,a,fig2a:a:co2-333k-94a1f9ba,CO2 333K,959.4425,mbar,2.7844,mmol/g,diamond,solid,#282372,false,high,816.4,362.16,assigned_by=joint_assignment; source=auto,pt-3542bc024ccee656,src-f0370680969834df,CO2,true,Legend entry CO2 @ 333K; caption states panel A contains CO2 isotherms on pure CALF-20.,co2_uptake,per gram of sorbent,visible_marker,,,,,,,
fig2a,a,fig2a:a:co2-333k-94a1f9ba,CO2 333K,1001.9571,mbar,2.8265,mmol/g,diamond,solid,#282372,false,medium,846.98,356.93,assigned_by=joint_assignment; source=auto,pt-078b4ea08175be3c,src-e400814369dadc8d,CO2,true,Legend entry CO2 @ 333K; caption states panel A contains CO2 isotherms on pure CALF-20.,co2_uptake,per gram of sorbent,visible_marker,,,,,,,
fig2a,a,fig2a:a:co2-333k-94a1f9ba,CO2 333K,1020.1861,mbar,2.8076,mmol/g,diamond,solid,#282372,false,medium,860.09,359.27,assigned_by=joint_assignment; source=auto,pt-a5e7a5ff85ee8531,src-638f40e4fdd0cdf4,CO2,true,Legend entry CO2 @ 333K; caption states panel A contains CO2 isotherms on pure CALF-20.,co2_uptake,per gram of sorbent,visible_marker,,,,,,,
fig2a,a,fig2a:a:co2-333k-94a1f9ba,CO2 333K,1080.0378,mbar,2.8477,mmol/g,diamond,solid,#282372,false,high,903.14,354.3,assigned_by=joint_assignment; source=auto,pt-a8413fdaeb49ff18,src-b69ba07b1164fb72,CO2,true,Legend entry CO2 @ 333K; caption states panel A contains CO2 isotherms on pure CALF-20.,co2_uptake,per gram of sorbent,visible_marker,,,,,,,
fig2a,a,fig2a:a:co2-333k-94a1f9ba,CO2 333K,1139.2273,mbar,2.8597,mmol/g,diamond,solid,#282372,false,high,945.72,352.81,assigned_by=joint_assignment; source=auto,pt-85080f52682703e8,src-2c6d8c84fa8e21ae,CO2,true,Legend entry CO2 @ 333K; caption states panel A contains CO2 isotherms on pure CALF-20.,co2_uptake,per gram of sorbent,visible_marker,,,,,,,
fig2a,a,fig2a:a:co2-333k-94a1f9ba,CO2 333K,1192.273,mbar,2.8797,mmol/g,diamond,solid,#282372,false,high,983.87,350.32,assigned_by=joint_assignment; source=auto,pt-83509a2f02828dfb,src-ef00ce7ecbf9bb9b,CO2,true,Legend entry CO2 @ 333K; caption states panel A contains CO2 isotherms on pure CALF-20.,co2_uptake,per gram of sorbent,visible_marker,,,,,,,
fig2a,a,fig2a:a:co2-343k-4b01cc9f,CO2 343K,-4.1129,mbar,0.2773,mmol/g,pentagon,solid,#7b0f13,false,low,123.33,673.69,overlap_flag=true; assigned_by=color; source=auto,pt-eb5a4641562f07d3,src-079ddae07db67c94,CO2,true,Legend entry CO2 @ 343K; caption states panel A contains CO2 isotherms on pure CALF-20.,co2_uptake,per gram of sorbent,partially_visible_marker,,,,,,,
fig2a,a,fig2a:a:co2-343k-4b01cc9f,CO2 343K,44.0936,mbar,0.5404,mmol/g,pentagon,solid,#7b0f13,false,medium,158.0,641.0,overlap_flag=true; assigned_by=dense_region; source=auto,pt-08e4b31f59cc0fc2,src-1418d7dce8ee9911,CO2,true,Legend entry CO2 @ 343K; caption states panel A contains CO2 isotherms on pure CALF-20.,co2_uptake,per gram of sorbent,partially_visible_marker,,,,,,,
fig2a,a,fig2a:a:co2-343k-4b01cc9f,CO2 343K,50.3705,mbar,0.5713,mmol/g,pentagon,solid,#7b0f13,false,low,162.51,637.16,overlap_flag=true; assigned_by=color; source=auto,pt-a92015632fee8fc1,src-e86de1054748f553,CO2,true,Legend entry CO2 @ 343K; caption states panel A contains CO2 isotherms on pure CALF-20.,co2_uptake,per gram of sorbent,partially_visible_marker,,,,,,,
fig2a,a,fig2a:a:co2-343k-4b01cc9f,CO2 343K,60.6356,mbar,0.6443,mmol/g,pentagon,solid,#7b0f13,false,low,169.9,628.09,overlap_flag=true; assigned_by=color; source=auto,pt-78276ecbb344d1b5,src-4fef9f2373cbc1b0,CO2,true,Legend entry CO2 @ 343K; caption states panel A contains CO2 isotherms on pure CALF-20.,co2_uptake,per gram of sorbent,partially_visible_marker,,,,,,,
fig2a,a,fig2a:a:co2-343k-4b01cc9f,CO2 343K,79.671,mbar,0.8031,mmol/g,pentagon,solid,#7b0f13,false,high,183.59,608.35,assigned_by=color; source=auto,pt-7c78ad466a1b45bd,src-66da160d26655bce,CO2,true,Legend entry CO2 @ 343K; caption states panel A contains CO2 isotherms on pure CALF-20.,co2_uptake,per gram of sorbent,visible_marker,,,,,,,
fig2a,a,fig2a:a:co2-343k-4b01cc9f,CO2 343K,104.7278,mbar,1.0111,mmol/g,pentagon,solid,#7b0f13,false,medium,201.61,582.5,assigned_by=color; source=auto,pt-85774d12f45cae24,src-e445d1c1e9163415,CO2,true,Legend entry CO2 @ 343K; caption states panel A contains CO2 isotherms on pure CALF-20.,co2_uptake,per gram of sorbent,visible_marker,,,,,,,
fig2a,a,fig2a:a:co2-343k-4b01cc9f,CO2 343K,120.5809,mbar,1.1204,mmol/g,pentagon,solid,#7b0f13,false,medium,213.02,568.93,assigned_by=color; source=auto,pt-907340d6d2f89903,src-b538b51491d6f53c,CO2,true,Legend entry CO2 @ 343K; caption states panel A contains CO2 isotherms on pure CALF-20.,co2_uptake,per gram of sorbent,visible_marker,,,,,,,
fig2a,a,fig2a:a:co2-343k-4b01cc9f,CO2 343K,172.235,mbar,1.4312,mmol/g,pentagon,solid,#7b0f13,false,low,250.17,530.3,overlap_flag=true; assigned_by=color; source=auto,pt-c17d7cbbac3531d0,src-fc1837cf5d71f2d8,CO2,true,Legend entry CO2 @ 343K; caption states panel A contains CO2 isotherms on pure CALF-20.,co2_uptake,per gram of sorbent,partially_visible_marker,,,,,,,
fig2a,a,fig2a:a:co2-343k-4b01cc9f,CO2 343K,176.5028,mbar,1.4981,mmol/g,pentagon,solid,#7b0f13,false,low,253.24,521.99,overlap_flag=true; assigned_by=color; source=auto,pt-44d494c0b165f9f4,src-1449cc92a31dd2f0,CO2,true,Legend entry CO2 @ 343K; caption states panel A contains CO2 isotherms on pure CALF-20.,co2_uptake,per gram of sorbent,partially_visible_marker,,,,,,,
fig2a,a,fig2a:a:co2-343k-4b01cc9f,CO2 343K,190.0711,mbar,1.5222,mmol/g,pentagon,solid,#7b0f13,false,low,263.0,519.0,overlap_flag=true; assigned_by=template; source=template_fit,pt-15f8fd5828a6bada,src-97a6f6318fb0268e,CO2,true,Legend entry CO2 @ 343K; caption states panel A contains CO2 isotherms on pure CALF-20.,co2_uptake,per gram of sorbent,template_fit,,,,,,,
fig2a,a,fig2a:a:co2-343k-4b01cc9f,CO2 343K,234.6847,mbar,1.7011,mmol/g,pentagon,solid,#7b0f13,false,high,295.09,496.78,assigned_by=color; source=auto,pt-854b1e6da7714ad8,src-caab83420baeeaa8,CO2,true,Legend entry CO2 @ 343K; caption states panel A contains CO2 isotherms on pure CALF-20.,co2_uptake,per gram of sorbent,visible_marker,,,,,,,
fig2a,a,fig2a:a:co2-343k-4b01cc9f,CO2 343K,252.9551,mbar,1.7992,mmol/g,pentagon,solid,#7b0f13,false,medium,308.23,484.59,assigned_by=color; source=auto,pt-9fc377401dfcbfe7,src-716fba388b153349,CO2,true,Legend entry CO2 @ 343K; caption states panel A contains CO2 isotherms on pure CALF-20.,co2_uptake,per gram of sorbent,visible_marker,,,,,,,
fig2a,a,fig2a:a:co2-343k-4b01cc9f,CO2 343K,297.4957,mbar,1.8982,mmol/g,pentagon,solid,#7b0f13,false,high,340.27,472.28,assigned_by=color; source=auto,pt-7aa616dd10e0e242,src-2d143ba907d8681e,CO2,true,Legend entry CO2 @ 343K; caption states panel A contains CO2 isotherms on pure CALF-20.,co2_uptake,per gram of sorbent,visible_marker,,,,,,,
fig2a,a,fig2a:a:co2-343k-4b01cc9f,CO2 343K,330.1051,mbar,2.0174,mmol/g,pentagon,solid,#7b0f13,false,high,363.72,457.46,assigned_by=color; source=auto,pt-8aa7d2d7d3664c92,src-baf98b57e83f3e71,CO2,true,Legend entry CO2 @ 343K; caption states panel A contains CO2 isotherms on pure CALF-20.,co2_uptake,per gram of sorbent,visible_marker,,,,,,,
fig2a,a,fig2a:a:co2-343k-4b01cc9f,CO2 343K,358.5904,mbar,2.0364,mmol/g,pentagon,solid,#7b0f13,false,high,384.21,455.11,assigned_by=color; source=auto,pt-965ad12d4121e948,src-814199b4a24eaeea,CO2,true,Legend entry CO2 @ 343K; caption states panel A contains CO2 isotherms on pure CALF-20.,co2_uptake,per gram of sorbent,visible_marker,,,,,,,
fig2a,a,fig2a:a:co2-343k-4b01cc9f,CO2 343K,405.2506,mbar,2.155,mmol/g,pentagon,solid,#7b0f13,false,low,417.78,440.37,overlap_flag=true; assigned_by=color; source=auto,pt-8d534058e88e1535,src-2c8352d0d08783b3,CO2,true,Legend entry CO2 @ 343K; caption states panel A contains CO2 isotherms on pure CALF-20.,co2_uptake,per gram of sorbent,partially_visible_marker,,,,,,,
fig2a,a,fig2a:a:co2-343k-4b01cc9f,CO2 343K,421.2063,mbar,2.1453,mmol/g,pentagon,solid,#7b0f13,false,low,429.25,441.58,overlap_flag=true; assigned_by=color; source=auto,pt-5b7ad3c32c426580,src-cd68bc51fdc28ba7,CO2,true,Legend entry CO2 @ 343K; caption states panel A contains CO2 isotherms on pure CALF-20.,co2_uptake,per gram of sorbent,partially_visible_marker,,,,,,,
fig2a,a,fig2a:a:co2-343k-4b01cc9f,CO2 343K,470.7684,mbar,2.2241,mmol/g,pentagon,solid,#7b0f13,false,low,464.9,431.78,overlap_flag=true; assigned_by=color; source=auto,pt-de0b2ca626a248b0,src-378dc585dcb50395,CO2,true,Legend entry CO2 @ 343K; caption states panel A contains CO2 isotherms on pure CALF-20.,co2_uptake,per gram of sorbent,partially_visible_marker,,,,,,,
fig2a,a,fig2a:a:co2-343k-4b01cc9f,CO2 343K,484.8036,mbar,2.2766,mmol/g,pentagon,solid,#7b0f13,false,low,475.0,425.25,overlap_flag=true; assigned_by=color; source=auto,pt-5481a1588c7c357f,src-becdebf7ef5c0e6c,CO2,true,Legend entry CO2 @ 343K; caption states panel A contains CO2 isotherms on pure CALF-20.,co2_uptake,per gram of sorbent,partially_visible_marker,,,,,,,
fig2a,a,fig2a:a:co2-343k-4b01cc9f,CO2 343K,533.3264,mbar,2.2905,mmol/g,pentagon,solid,#7b0f13,false,high,509.9,423.53,assigned_by=color; source=auto,pt-815c505877052283,src-dfb0bb6b5c14dbd1,CO2,true,Legend entry CO2 @ 343K; caption states panel A contains CO2 isotherms on pure CALF-20.,co2_uptake,per gram of sorbent,visible_marker,,,,,,,
fig2a,a,fig2a:a:co2-343k-4b01cc9f,CO2 343K,560.8579,mbar,2.365,mmol/g,pentagon,solid,#7b0f13,false,high,529.7,414.27,assigned_by=color; source=auto,pt-929d04bff2d086b1,src-6189a5a2088c55ac,CO2,true,Legend entry CO2 @ 343K; caption states panel A contains CO2 isotherms on pure CALF-20.,co2_uptake,per gram of sorbent,visible_marker,,,,,,,
fig2a,a,fig2a:a:co2-343k-4b01cc9f,CO2 343K,594.1609,mbar,2.353,mmol/g,pentagon,solid,#7b0f13,false,high,553.66,415.77,assigned_by=color; source=auto,pt-9c2fb242bb3e5f1b,src-af5a81367d5bde02,CO2,true,Legend entry CO2 @ 343K; caption states panel A contains CO2 isotherms on pure CALF-20.,co2_uptake,per gram of sorbent,visible_marker,,,,,,,
fig2a,a,fig2a:a:co2-343k-4b01cc9f,CO2 343K,638.0273,mbar,2.4249,mmol/g,pentagon,solid,#7b0f13,false,medium,585.21,406.84,assigned_by=color; source=auto,pt-1031a3c354f17ea4,src-473da1e09c5eb4dd,CO2,true,Legend entry CO2 @ 343K; caption states panel A contains CO2 isotherms on pure CALF-20.,co2_uptake,per gram of sorbent,visible_marker,,,,,,,
fig2a,a,fig2a:a:co2-343k-4b01cc9f,CO2 343K,653.2637,mbar,2.4106,mmol/g,pentagon,solid,#7b0f13,false,medium,596.17,408.61,assigned_by=color; source=auto,pt-0a3361f4ff1ada27,src-687812814ba7910e,CO2,true,Legend entry CO2 @ 343K; caption states panel A contains CO2 isotherms on pure CALF-20.,co2_uptake,per gram of sorbent,visible_marker,,,,,,,
fig2a,a,fig2a:a:co2-343k-4b01cc9f,CO2 343K,713.8767,mbar,2.4715,mmol/g,pentagon,solid,#7b0f13,false,high,639.77,401.04,assigned_by=color; source=auto,pt-f7adf627723963cf,src-19c85920f6065e11,CO2,true,Legend entry CO2 @ 343K; caption states panel A contains CO2 isotherms on pure CALF-20.,co2_uptake,per gram of sorbent,visible_marker,,,,,,,
fig2a,a,fig2a:a:co2-343k-4b01cc9f,CO2 343K,775.7615,mbar,2.4905,mmol/g,pentagon,solid,#7b0f13,false,low,684.28,398.68,overlap_flag=true; assigned_by=color; source=auto,pt-bd924838412044f1,src-554b460a852ee17c,CO2,true,Legend entry CO2 @ 343K; caption states panel A contains CO2 isotherms on pure CALF-20.,co2_uptake,per gram of sorbent,partially_visible_marker,,,,,,,
fig2a,a,fig2a:a:co2-343k-4b01cc9f,CO2 343K,792.4001,mbar,2.5375,mmol/g,pentagon,solid,#7b0f13,false,low,696.25,392.84,overlap_flag=true; assigned_by=color; source=auto,pt-974283a574433bb1,src-d99efbcea4d41623,CO2,true,Legend entry CO2 @ 343K; caption states panel A contains CO2 isotherms on pure CALF-20.,co2_uptake,per gram of sorbent,partially_visible_marker,,,,,,,
fig2a,a,fig2a:a:co2-343k-4b01cc9f,CO2 343K,835.5748,mbar,2.5279,mmol/g,pentagon,solid,#7b0f13,false,high,727.3,394.03,assigned_by=color; source=auto,pt-208b686206880495,src-7d81ee6bb754c546,CO2,true,Legend entry CO2 @ 343K; caption states panel A contains CO2 isotherms on pure CALF-20.,co2_uptake,per gram of sorbent,visible_marker,,,,,,,
fig2a,a,fig2a:a:co2-343k-4b01cc9f,CO2 343K,867.5624,mbar,2.5771,mmol/g,pentagon,solid,#7b0f13,false,high,750.31,387.92,assigned_by=color; source=auto,pt-fd9841ba04efb9cc,src-affee863f7d24f84,CO2,true,Legend entry CO2 @ 343K; caption states panel A contains CO2 isotherms on pure CALF-20.,co2_uptake,per gram of sorbent,visible_marker,,,,,,,
fig2a,a,fig2a:a:co2-343k-4b01cc9f,CO2 343K,896.4169,mbar,2.5698,mmol/g,pentagon,solid,#7b0f13,false,high,771.07,388.82,assigned_by=color; source=auto,pt-26491eb75d8966e1,src-a9c231567c47654a,CO2,true,Legend entry CO2 @ 343K; caption states panel A contains CO2 isotherms on pure CALF-20.,co2_uptake,per gram of sorbent,visible_marker,,,,,,,
fig2a,a,fig2a:a:co2-343k-4b01cc9f,CO2 343K,927.4654,mbar,2.6033,mmol/g,pentagon,solid,#7b0f13,false,high,793.4,384.67,assigned_by=color; source=auto,pt-dd3ecd881e01fc65,src-e266d2fe725932f0,CO2,true,Legend entry CO2 @ 343K; caption states panel A contains CO2 isotherms on pure CALF-20.,co2_uptake,per gram of sorbent,visible_marker,,,,,,,
fig2a,a,fig2a:a:co2-343k-4b01cc9f,CO2 343K,957.1667,mbar,2.5882,mmol/g,pentagon,solid,#7b0f13,false,high,814.76,386.54,assigned_by=color; source=auto,pt-6ccdb59f9635bb84,src-9f65522fc0c34b2f,CO2,true,Legend entry CO2 @ 343K; caption states panel A contains CO2 isotherms on pure CALF-20.,co2_uptake,per gram of sorbent,visible_marker,,,,,,,
fig2a,a,fig2a:a:co2-343k-4b01cc9f,CO2 343K,1004.0862,mbar,2.6273,mmol/g,pentagon,solid,#7b0f13,false,low,848.51,381.68,overlap_flag=true; assigned_by=color; source=auto,pt-0e5803f19d5aa7d4,src-8b395fd576dc6e68,CO2,true,Legend entry CO2 @ 343K; caption states panel A contains CO2 isotherms on pure CALF-20.,co2_uptake,per gram of sorbent,partially_visible_marker,,,,,,,
fig2a,a,fig2a:a:co2-343k-4b01cc9f,CO2 343K,1019.5912,mbar,2.6278,mmol/g,pentagon,solid,#7b0f13,false,low,859.66,381.62,overlap_flag=true; assigned_by=color; source=auto,pt-505ebbd41daf13dc,src-6de4c410a7af461c,CO2,true,Legend entry CO2 @ 343K; caption states panel A contains CO2 isotherms on pure CALF-20.,co2_uptake,per gram of sorbent,partially_visible_marker,,,,,,,
fig2a,a,fig2a:a:co2-343k-4b01cc9f,CO2 343K,1078.9334,mbar,2.6482,mmol/g,pentagon,solid,#7b0f13,false,high,902.35,379.08,assigned_by=color; source=auto,pt-ada085569a4160b3,src-5d1d9b8d3c9b6ed1,CO2,true,Legend entry CO2 @ 343K; caption states panel A contains CO2 isotherms on pure CALF-20.,co2_uptake,per gram of sorbent,visible_marker,,,,,,,
fig2a,a,fig2a:a:co2-343k-4b01cc9f,CO2 343K,1138.2243,mbar,2.6662,mmol/g,pentagon,solid,#7b0f13,false,high,945.0,376.85,assigned_by=color; source=auto,pt-a3078dcde5174a9e,src-10563a716a87adde,CO2,true,Legend entry CO2 @ 343K; caption states panel A contains CO2 isotherms on pure CALF-20.,co2_uptake,per gram of sorbent,visible_marker,,,,,,,
fig2a,a,fig2a:a:co2-343k-4b01cc9f,CO2 343K,1192.2925,mbar,2.6842,mmol/g,pentagon,solid,#7b0f13,false,high,983.89,374.61,assigned_by=color; source=auto,pt-ab3e048e9c6074e2,src-2c83dfbc67f80051,CO2,true,Legend entry CO2 @ 343K; caption states panel A contains CO2 isotherms on pure CALF-20.,co2_uptake,per gram of sorbent,visible_marker,,,,,,,
fig2a,a,fig2a:a:co2-353k-c3530734,CO2 353K,44.0936,mbar,0.3311,mmol/g,diamond,solid,#f31f74,false,medium,158.0,667.0,overlap_flag=true; assigned_by=dense_region; source=auto,pt-1804ab490fb128c5,src-8d66d6adef229050,CO2,true,Legend entry CO2 @ 353K; caption states panel A contains CO2 isotherms on pure CALF-20.,co2_uptake,per gram of sorbent,partially_visible_marker,,,,,,,
fig2a,a,fig2a:a:co2-353k-c3530734,CO2 353K,52.4351,mbar,0.4116,mmol/g,diamond,solid,#f31f74,false,medium,164.0,657.0,overlap_flag=true; assigned_by=dense_region; source=auto,pt-10228177c4eb2591,src-12299e33b8392339,CO2,true,Legend entry CO2 @ 353K; caption states panel A contains CO2 isotherms on pure CALF-20.,co2_uptake,per gram of sorbent,partially_visible_marker,,,,,,,
fig2a,a,fig2a:a:co2-353k-c3530734,CO2 353K,63.9155,mbar,0.48,mmol/g,diamond,solid,#f31f74,false,low,172.26,648.5,overlap_flag=true; assigned_by=color; source=auto,pt-784d86d15c57411f,src-87165069dff86e25,CO2,true,Legend entry CO2 @ 353K; caption states panel A contains CO2 isotherms on pure CALF-20.,co2_uptake,per gram of sorbent,partially_visible_marker,,,,,,,
fig2a,a,fig2a:a:co2-353k-c3530734,CO2 353K,75.7331,mbar,0.5582,mmol/g,diamond,solid,#f31f74,false,low,180.76,638.78,overlap_flag=true; assigned_by=color; source=auto,pt-befe5504196cc9a9,src-4b8386242748655c,CO2,true,Legend entry CO2 @ 353K; caption states panel A contains CO2 isotherms on pure CALF-20.,co2_uptake,per gram of sorbent,partially_visible_marker,,,,,,,
fig2a,a,fig2a:a:co2-353k-c3530734,CO2 353K,102.0136,mbar,0.7254,mmol/g,diamond,solid,#f31f74,false,high,199.66,618.0,assigned_by=color; source=auto,pt-d3745fb4d4e715c4,src-b58d8a6a18e9a175,CO2,true,Legend entry CO2 @ 353K; caption states panel A contains CO2 isotherms on pure CALF-20.,co2_uptake,per gram of sorbent,visible_marker,,,,,,,
fig2a,a,fig2a:a:co2-353k-c3530734,CO2 353K,123.1098,mbar,0.8257,mmol/g,diamond,solid,#f31f74,false,high,214.84,605.55,assigned_by=color; source=auto,pt-3e557c4f2c436e67,src-16c9549aa79c79e0,CO2,true,Legend entry CO2 @ 353K; caption states panel A contains CO2 isotherms on pure CALF-20.,co2_uptake,per gram of sorbent,visible_marker,,,,,,,
fig2a,a,fig2a:a:co2-353k-c3530734,CO2 353K,173.6471,mbar,1.1191,mmol/g,diamond,solid,#f31f74,false,high,251.19,569.09,assigned_by=color; source=auto,pt-296a5497c3cf194b,src-6fc45da62fe4e019,CO2,true,Legend entry CO2 @ 353K; caption states panel A contains CO2 isotherms on pure CALF-20.,co2_uptake,per gram of sorbent,visible_marker,,,,,,,
fig2a,a,fig2a:a:co2-353k-c3530734,CO2 353K,204.3491,mbar,1.2375,mmol/g,diamond,solid,#f31f74,true,low,273.27,554.37,overlap_flag=true; assigned_by=template; source=template_fill,pt-e9adfe90de2dde79,src-96ce33fe3210f492,CO2,true,Legend entry CO2 @ 353K; caption states panel A contains CO2 isotherms on pure CALF-20.,co2_uptake,per gram of sorbent,template_fill,,,,,,,
fig2a,a,fig2a:a:co2-353k-c3530734,CO2 353K,235.0263,mbar,1.356,mmol/g,diamond,solid,#f31f74,false,high,295.34,539.65,assigned_by=color; source=auto,pt-bcc29538d6380d4c,src-0aaa3e1378b53c1a,CO2,true,Legend entry CO2 @ 353K; caption states panel A contains CO2 isotherms on pure CALF-20.,co2_uptake,per gram of sorbent,visible_marker,,,,,,,
fig2a,a,fig2a:a:co2-353k-c3530734,CO2 353K,252.3586,mbar,1.4528,mmol/g,diamond,solid,#f31f74,false,high,307.8,527.62,assigned_by=color; source=auto,pt-4590009abac1bfc3,src-a40620fbef457e07,CO2,true,Legend entry CO2 @ 353K; caption states panel A contains CO2 isotherms on pure CALF-20.,co2_uptake,per gram of sorbent,visible_marker,,,,,,,
fig2a,a,fig2a:a:co2-353k-c3530734,CO2 353K,296.0555,mbar,1.5625,mmol/g,diamond,solid,#f31f74,false,high,339.23,513.99,assigned_by=color; source=auto,pt-6b001cbb0f2aed08,src-1da38ad63f317318,CO2,true,Legend entry CO2 @ 353K; caption states panel A contains CO2 isotherms on pure CALF-20.,co2_uptake,per gram of sorbent,visible_marker,,,,,,,
fig2a,a,fig2a:a:co2-353k-c3530734,CO2 353K,330.2873,mbar,1.6933,mmol/g,diamond,solid,#f31f74,false,high,363.86,497.73,assigned_by=color; source=auto,pt-445b7df40c8e5f11,src-da3e16af0de42d1a,CO2,true,Legend entry CO2 @ 353K; caption states panel A contains CO2 isotherms on pure CALF-20.,co2_uptake,per gram of sorbent,visible_marker,,,,,,,
fig2a,a,fig2a:a:co2-353k-c3530734,CO2 353K,357.9177,mbar,1.7323,mmol/g,diamond,solid,#f31f74,false,high,383.73,492.9,assigned_by=color; source=auto,pt-1bfc81c666458b64,src-1855368305360340,CO2,true,Legend entry CO2 @ 353K; caption states panel A contains CO2 isotherms on pure CALF-20.,co2_uptake,per gram of sorbent,visible_marker,,,,,,,
fig2a,a,fig2a:a:co2-353k-c3530734,CO2 353K,402.2868,mbar,1.8688,mmol/g,diamond,solid,#f31f74,false,low,415.64,475.93,overlap_flag=true; assigned_by=color; source=auto,pt-4eb986dc3667d678,src-30737ea3a9d62b4a,CO2,true,Legend entry CO2 @ 353K; caption states panel A contains CO2 isotherms on pure CALF-20.,co2_uptake,per gram of sorbent,partially_visible_marker,,,,,,,
fig2a,a,fig2a:a:co2-353k-c3530734,CO2 353K,423.1174,mbar,1.8484,mmol/g,diamond,solid,#f31f74,false,low,430.63,478.46,overlap_flag=true; assigned_by=color; source=auto,pt-82c3d31705b65d49,src-305b9c8c5ebbecdf,CO2,true,Legend entry CO2 @ 353K; caption states panel A contains CO2 isotherms on pure CALF-20.,co2_uptake,per gram of sorbent,partially_visible_marker,,,,,,,
fig2a,a,fig2a:a:co2-353k-c3530734,CO2 353K,470.6108,mbar,1.9429,mmol/g,diamond,solid,#f31f74,false,low,464.79,466.72,overlap_flag=true; assigned_by=color; source=auto,pt-c0c03caa7579e11e,src-9a3ca267b55fceeb,CO2,true,Legend entry CO2 @ 353K; caption states panel A contains CO2 isotherms on pure CALF-20.,co2_uptake,per gram of sorbent,partially_visible_marker,,,,,,,
fig2a,a,fig2a:a:co2-353k-c3530734,CO2 353K,486.923,mbar,1.991,mmol/g,diamond,solid,#f31f74,false,low,476.52,460.75,overlap_flag=true; assigned_by=color; source=auto,pt-ceae4dbd7a66d2f0,src-d5085ff6a61a49fd,CO2,true,Legend entry CO2 @ 353K; caption states panel A contains CO2 isotherms on pure CALF-20.,co2_uptake,per gram of sorbent,partially_visible_marker,,,,,,,
fig2a,a,fig2a:a:co2-353k-c3530734,CO2 353K,534.6577,mbar,2.0282,mmol/g,diamond,solid,#f31f74,false,high,510.86,456.12,assigned_by=color; source=auto,pt-7063471825200334,src-e2bc8329b7a2077e,CO2,true,Legend entry CO2 @ 353K; caption states panel A contains CO2 isotherms on pure CALF-20.,co2_uptake,per gram of sorbent,visible_marker,,,,,,,
fig2a,a,fig2a:a:co2-353k-c3530734,CO2 353K,562.1156,mbar,2.0978,mmol/g,diamond,solid,#f31f74,false,high,530.61,447.48,assigned_by=color; source=auto,pt-707226fe7ece7220,src-1d083a961a3c02fe,CO2,true,Legend entry CO2 @ 353K; caption states panel A contains CO2 isotherms on pure CALF-20.,co2_uptake,per gram of sorbent,visible_marker,,,,,,,
fig2a,a,fig2a:a:co2-353k-c3530734,CO2 353K,595.1498,mbar,2.104,mmol/g,diamond,solid,#f31f74,false,high,554.37,446.71,assigned_by=color; source=auto,pt-cab7e9003ab3126b,src-88b0d5834853588e,CO2,true,Legend entry CO2 @ 353K; caption states panel A contains CO2 isotherms on pure CALF-20.,co2_uptake,per gram of sorbent,visible_marker,,,,,,,
fig2a,a,fig2a:a:co2-353k-c3530734,CO2 353K,633.0194,mbar,2.1859,mmol/g,diamond,solid,#f31f74,false,low,581.61,436.53,overlap_flag=true; assigned_by=color; source=auto,pt-5c155f35bf1e1e1f,src-85fdd717b92e1e8a,CO2,true,Legend entry CO2 @ 353K; caption states panel A contains CO2 isotherms on pure CALF-20.,co2_uptake,per gram of sorbent,partially_visible_marker,,,,,,,
fig2a,a,fig2a:a:co2-353k-c3530734,CO2 353K,657.1145,mbar,2.1625,mmol/g,diamond,solid,#f31f74,false,low,598.94,439.44,overlap_flag=true; assigned_by=color; source=auto,pt-23bbcfebc8dde291,src-8775ac5ed5a57e9e,CO2,true,Legend entry CO2 @ 353K; caption states panel A contains CO2 isotherms on pure CALF-20.,co2_uptake,per gram of sorbent,partially_visible_marker,,,,,,,
fig2a,a,fig2a:a:co2-353k-c3530734,CO2 353K,715.3245,mbar,2.2341,mmol/g,diamond,solid,#f31f74,false,high,640.81,430.54,assigned_by=color; source=auto,pt-a5f287034aa50e98,src-e0edadd97a43311e,CO2,true,Legend entry CO2 @ 353K; caption states panel A contains CO2 isotherms on pure CALF-20.,co2_uptake,per gram of sorbent,visible_marker,,,,,,,
fig2a,a,fig2a:a:co2-353k-c3530734,CO2 353K,778.2012,mbar,2.2695,mmol/g,diamond,solid,#f31f74,false,medium,686.04,426.14,assigned_by=color; source=auto,pt-f9e2f91ff844e2e9,src-fa5c49333bd8ff44,CO2,true,Legend entry CO2 @ 353K; caption states panel A contains CO2 isotherms on pure CALF-20.,co2_uptake,per gram of sorbent,visible_marker,,,,,,,
fig2a,a,fig2a:a:co2-353k-c3530734,CO2 353K,793.6799,mbar,2.2967,mmol/g,diamond,solid,#f31f74,false,low,697.17,422.76,assigned_by=color; source=auto,pt-7296d42755aed4fa,src-9ab9eecd8893e190,CO2,true,Legend entry CO2 @ 353K; caption states panel A contains CO2 isotherms on pure CALF-20.,co2_uptake,per gram of sorbent,visible_marker,,,,,,,
fig2a,a,fig2a:a:co2-353k-c3530734,CO2 353K,837.4381,mbar,2.3023,mmol/g,diamond,solid,#f31f74,false,high,728.64,422.07,assigned_by=color; source=auto,pt-868399cdacc2ac87,src-35db0d5d41ec46e5,CO2,true,Legend entry CO2 @ 353K; caption states panel A contains CO2 isotherms on pure CALF-20.,co2_uptake,per gram of sorbent,visible_marker,,,,,,,
fig2a,a,fig2a:a:co2-353k-c3530734,CO2 353K,868.4414,mbar,2.3541,mmol/g,diamond,solid,#f31f74,false,high,750.94,415.63,assigned_by=color; source=auto,pt-b7a8f7b79fdc1e90,src-8644f34f547ba42d,CO2,true,Legend entry CO2 @ 353K; caption states panel A contains CO2 isotherms on pure CALF-20.,co2_uptake,per gram of sorbent,visible_marker,,,,,,,
fig2a,a,fig2a:a:co2-353k-c3530734,CO2 353K,898.1277,mbar,2.3416,mmol/g,diamond,solid,#f31f74,false,high,772.3,417.18,assigned_by=color; source=auto,pt-c643aaccef0cbaf3,src-1f896f6dbf7061a1,CO2,true,Legend entry CO2 @ 353K; caption states panel A contains CO2 isotherms on pure CALF-20.,co2_uptake,per gram of sorbent,visible_marker,,,,,,,
fig2a,a,fig2a:a:co2-353k-c3530734,CO2 353K,926.9792,mbar,2.3767,mmol/g,diamond,solid,#f31f74,false,high,793.05,412.82,assigned_by=color; source=auto,pt-d6e8b5988bd2fe95,src-8f4c3fbf826aa3c7,CO2,true,Legend entry CO2 @ 353K; caption states panel A contains CO2 isotherms on pure CALF-20.,co2_uptake,per gram of sorbent,visible_marker,,,,,,,
fig2a,a,fig2a:a:co2-353k-c3530734,CO2 353K,959.4117,mbar,2.3829,mmol/g,diamond,solid,#f31f74,false,high,816.38,412.05,assigned_by=color; source=auto,pt-4eb831aa549144b6,src-1a0b8b657587a68b,CO2,true,Legend entry CO2 @ 353K; caption states panel A contains CO2 isotherms on pure CALF-20.,co2_uptake,per gram of sorbent,visible_marker,,,,,,,
fig2a,a,fig2a:a:co2-353k-c3530734,CO2 353K,1000.8068,mbar,2.4225,mmol/g,diamond,solid,#f31f74,false,low,846.15,407.13,overlap_flag=true; assigned_by=color; source=auto,pt-09573a120ee2f7e8,src-93f9f9efbb850e10,CO2,true,Legend entry CO2 @ 353K; caption states panel A contains CO2 isotherms on pure CALF-20.,co2_uptake,per gram of sorbent,partially_visible_marker,,,,,,,
fig2a,a,fig2a:a:co2-353k-c3530734,CO2 353K,1020.2787,mbar,2.401,mmol/g,diamond,solid,#f31f74,false,low,860.16,409.8,overlap_flag=true; assigned_by=color; source=auto,pt-4bc061c3374c776f,src-13a034b25c5f7db4,CO2,true,Legend entry CO2 @ 353K; caption states panel A contains CO2 isotherms on pure CALF-20.,co2_uptake,per gram of sorbent,partially_visible_marker,,,,,,,
fig2a,a,fig2a:a:co2-353k-c3530734,CO2 353K,1080.3421,mbar,2.4372,mmol/g,diamond,solid,#f31f74,false,high,903.36,405.3,assigned_by=color; source=auto,pt-69137dbef17d9ce1,src-f08acd259ae2126c,CO2,true,Legend entry CO2 @ 353K; caption states panel A contains CO2 isotherms on pure CALF-20.,co2_uptake,per gram of sorbent,visible_marker,,,,,,,
fig2a,a,fig2a:a:co2-353k-c3530734,CO2 353K,1139.4505,mbar,2.4593,mmol/g,diamond,solid,#f31f74,false,high,945.88,402.56,assigned_by=color; source=auto,pt-0e443e8be6f5520b,src-cbb0c13c38ae4128,CO2,true,Legend entry CO2 @ 353K; caption states panel A contains CO2 isotherms on pure CALF-20.,co2_uptake,per gram of sorbent,visible_marker,,,,,,,
fig2a,a,fig2a:a:co2-353k-c3530734,CO2 353K,1192.4243,mbar,2.4781,mmol/g,diamond,solid,#f31f74,false,high,983.98,400.22,assigned_by=color; source=auto,pt-06c5171647c922b4,src-59b0076dad06bbe2,CO2,true,Legend entry CO2 @ 353K; caption states panel A contains CO2 isotherms on pure CALF-20.,co2_uptake,per gram of sorbent,visible_marker,,,,,,,
fig2a,a,fig2a:a:co2-363k-eb2ec54f,CO2 363K,27.1184,mbar,0.1594,mmol/g,star,solid,#197b35,true,low,145.79,688.34,overlap_flag=true; assigned_by=template; source=template_fill,pt-568e0c04fdcbf2e1,src-abf96a65c1b1a1f4,CO2,true,Legend entry CO2 @ 363K; caption states panel A contains CO2 isotherms on pure CALF-20.,co2_uptake,per gram of sorbent,template_fill,,,,,,,
fig2a,a,fig2a:a:co2-363k-eb2ec54f,CO2 363K,45.4794,mbar,0.275,mmol/g,star,solid,#197b35,false,medium,159.0,673.98,assigned_by=continuity; source=auto,pt-b0a5c172392342b1,src-999fa2c3ec353640,CO2,true,Legend entry CO2 @ 363K; caption states panel A contains CO2 isotherms on pure CALF-20.,co2_uptake,per gram of sorbent,visible_marker,,,,,,,
fig2a,a,fig2a:a:co2-363k-eb2ec54f,CO2 363K,80.3949,mbar,0.4142,mmol/g,star,solid,#197b35,false,high,184.11,656.68,assigned_by=shape; source=auto,pt-73172218ecb537bb,src-6e9ee2f3f1af67dd,CO2,true,Legend entry CO2 @ 363K; caption states panel A contains CO2 isotherms on pure CALF-20.,co2_uptake,per gram of sorbent,visible_marker,,,,,,,
fig2a,a,fig2a:a:co2-363k-eb2ec54f,CO2 363K,101.861,mbar,0.5168,mmol/g,star,solid,#197b35,false,high,199.55,643.93,assigned_by=shape; source=auto,pt-e6ed1c39b6d980f7,src-7204d82bb4a9d536,CO2,true,Legend entry CO2 @ 363K; caption states panel A contains CO2 isotherms on pure CALF-20.,co2_uptake,per gram of sorbent,visible_marker,,,,,,,
fig2a,a,fig2a:a:co2-363k-eb2ec54f,CO2 363K,167.2152,mbar,0.8034,mmol/g,star,solid,#197b35,false,low,246.56,608.31,overlap_flag=true; assigned_by=shape; source=auto,pt-37cde7633ef37ba0,src-a6d1c2bbb50361d0,CO2,true,Legend entry CO2 @ 363K; caption states panel A contains CO2 isotherms on pure CALF-20.,co2_uptake,per gram of sorbent,partially_visible_marker,,,,,,,
fig2a,a,fig2a:a:co2-363k-eb2ec54f,CO2 363K,213.7056,mbar,0.9749,mmol/g,star,solid,#197b35,false,low,280.0,587.0,overlap_flag=true; assigned_by=template; source=template_fit,pt-616996dac3835771,src-237a815ce49ce89d,CO2,true,Legend entry CO2 @ 363K; caption states panel A contains CO2 isotherms on pure CALF-20.,co2_uptake,per gram of sorbent,template_fit,,,,,,,
fig2a,a,fig2a:a:co2-363k-eb2ec54f,CO2 363K,233.7254,mbar,1.0408,mmol/g,star,solid,#197b35,false,high,294.4,578.82,assigned_by=shape; source=auto,pt-7491a1aeed2939e6,src-5383e72249bef256,CO2,true,Legend entry CO2 @ 363K; caption states panel A contains CO2 isotherms on pure CALF-20.,co2_uptake,per gram of sorbent,visible_marker,,,,,,,
fig2a,a,fig2a:a:co2-363k-eb2ec54f,CO2 363K,252.6822,mbar,1.1271,mmol/g,star,solid,#197b35,false,high,308.04,568.1,assigned_by=shape; source=auto,pt-ff68297d1928addc,src-4842aa44ef3ecde4,CO2,true,Legend entry CO2 @ 363K; caption states panel A contains CO2 isotherms on pure CALF-20.,co2_uptake,per gram of sorbent,visible_marker,,,,,,,
fig2a,a,fig2a:a:co2-363k-eb2ec54f,CO2 363K,294.0042,mbar,1.2363,mmol/g,star,solid,#197b35,false,high,337.76,554.53,assigned_by=shape; source=auto,pt-74c8feb28ad91fa4,src-9bf609bc3604a1f1,CO2,true,Legend entry CO2 @ 363K; caption states panel A contains CO2 isotherms on pure CALF-20.,co2_uptake,per gram of sorbent,visible_marker,,,,,,,
fig2a,a,fig2a:a:co2-363k-eb2ec54f,CO2 363K,329.8541,mbar,1.366,mmol/g,star,solid,#197b35,false,high,363.54,538.41,assigned_by=shape; source=auto,pt-eea3a7ba72c3d776,src-440750080625babd,CO2,true,Legend entry CO2 @ 363K; caption states panel A contains CO2 isotherms on pure CALF-20.,co2_uptake,per gram of sorbent,visible_marker,,,,,,,
fig2a,a,fig2a:a:co2-363k-eb2ec54f,CO2 363K,357.5474,mbar,1.4143,mmol/g,star,solid,#197b35,false,high,383.46,532.41,assigned_by=shape; source=auto,pt-33f421be3b5de396,src-f5beed05ddd5dc83,CO2,true,Legend entry CO2 @ 363K; caption states panel A contains CO2 isotherms on pure CALF-20.,co2_uptake,per gram of sorbent,visible_marker,,,,,,,
fig2a,a,fig2a:a:co2-363k-eb2ec54f,CO2 363K,403.3186,mbar,1.5425,mmol/g,star,solid,#197b35,false,low,416.39,516.48,overlap_flag=true; assigned_by=shape; source=auto,pt-c52ac09a7578cab1,src-2d7af64d23b0279d,CO2,true,Legend entry CO2 @ 363K; caption states panel A contains CO2 isotherms on pure CALF-20.,co2_uptake,per gram of sorbent,partially_visible_marker,,,,,,,
fig2a,a,fig2a:a:co2-363k-eb2ec54f,CO2 363K,416.5638,mbar,1.5451,mmol/g,star,solid,#197b35,false,low,425.91,516.16,assigned_by=shape; source=auto,pt-b13ce16b8277eca7,src-b364afe5d7bc95e8,CO2,true,Legend entry CO2 @ 363K; caption states panel A contains CO2 isotherms on pure CALF-20.,co2_uptake,per gram of sorbent,visible_marker,,,,,,,
fig2a,a,fig2a:a:co2-363k-eb2ec54f,CO2 363K,469.9197,mbar,1.6488,mmol/g,star,solid,#197b35,false,low,464.29,503.27,overlap_flag=true; assigned_by=shape; source=auto,pt-aec733a90e81857c,src-023c34fcd2edaaf3,CO2,true,Legend entry CO2 @ 363K; caption states panel A contains CO2 isotherms on pure CALF-20.,co2_uptake,per gram of sorbent,partially_visible_marker,,,,,,,
fig2a,a,fig2a:a:co2-363k-eb2ec54f,CO2 363K,483.5751,mbar,1.7109,mmol/g,star,solid,#197b35,false,low,474.11,495.55,overlap_flag=true; assigned_by=shape; source=auto,pt-293b46adb061a241,src-057e85fadc097126,CO2,true,Legend entry CO2 @ 363K; caption states panel A contains CO2 isotherms on pure CALF-20.,co2_uptake,per gram of sorbent,partially_visible_marker,,,,,,,
fig2a,a,fig2a:a:co2-363k-eb2ec54f,CO2 363K,532.7558,mbar,1.7644,mmol/g,star,solid,#197b35,false,high,509.49,488.9,assigned_by=shape; source=auto,pt-5a71cdbc3f2fe076,src-48ddd988a42b67b8,CO2,true,Legend entry CO2 @ 363K; caption states panel A contains CO2 isotherms on pure CALF-20.,co2_uptake,per gram of sorbent,visible_marker,,,,,,,
fig2a,a,fig2a:a:co2-363k-eb2ec54f,CO2 363K,559.8707,mbar,1.8223,mmol/g,star,solid,#197b35,false,high,528.99,481.7,assigned_by=shape; source=auto,pt-22b4009ad6dc3d5a,src-a1c57173ffc32ba8,CO2,true,Legend entry CO2 @ 363K; caption states panel A contains CO2 isotherms on pure CALF-20.,co2_uptake,per gram of sorbent,visible_marker,,,,,,,
fig2a,a,fig2a:a:co2-363k-eb2ec54f,CO2 363K,593.5495,mbar,1.8475,mmol/g,star,solid,#197b35,false,high,553.22,478.58,assigned_by=shape; source=auto,pt-8d64ac332b96c7bd,src-9286d216a95d8e13,CO2,true,Legend entry CO2 @ 363K; caption states panel A contains CO2 isotherms on pure CALF-20.,co2_uptake,per gram of sorbent,visible_marker,,,,,,,
fig2a,a,fig2a:a:co2-363k-eb2ec54f,CO2 363K,636.3536,mbar,1.9136,mmol/g,star,solid,#197b35,false,low,584.01,470.36,overlap_flag=true; assigned_by=shape; source=auto,pt-cc11a68d99767e40,src-0e86dbfa186dfae2,CO2,true,Legend entry CO2 @ 363K; caption states panel A contains CO2 isotherms on pure CALF-20.,co2_uptake,per gram of sorbent,partially_visible_marker,,,,,,,
fig2a,a,fig2a:a:co2-363k-eb2ec54f,CO2 363K,653.4882,mbar,1.9128,mmol/g,star,solid,#197b35,false,medium,596.33,470.46,assigned_by=shape; source=auto,pt-ae0d157282efc9eb,src-5fd39d4744923bb4,CO2,true,Legend entry CO2 @ 363K; caption states panel A contains CO2 isotherms on pure CALF-20.,co2_uptake,per gram of sorbent,visible_marker,,,,,,,
fig2a,a,fig2a:a:co2-363k-eb2ec54f,CO2 363K,713.0902,mbar,1.9905,mmol/g,star,solid,#197b35,false,high,639.2,460.81,assigned_by=shape; source=auto,pt-1af5581dc19ab18e,src-802b2da6dbeadd2b,CO2,true,Legend entry CO2 @ 363K; caption states panel A contains CO2 isotherms on pure CALF-20.,co2_uptake,per gram of sorbent,visible_marker,,,,,,,
fig2a,a,fig2a:a:co2-363k-eb2ec54f,CO2 363K,779.9471,mbar,2.0512,mmol/g,star,solid,#197b35,false,medium,687.29,453.27,assigned_by=shape; source=auto,pt-466c388a018b6a37,src-df67336f9013cc82,CO2,true,Legend entry CO2 @ 363K; caption states panel A contains CO2 isotherms on pure CALF-20.,co2_uptake,per gram of sorbent,visible_marker,,,,,,,
fig2a,a,fig2a:a:co2-363k-eb2ec54f,CO2 363K,791.8656,mbar,2.0736,mmol/g,star,solid,#197b35,false,medium,695.86,450.49,assigned_by=shape; source=auto,pt-ca618ef89ad4f7e1,src-be43369083b2a67f,CO2,true,Legend entry CO2 @ 363K; caption states panel A contains CO2 isotherms on pure CALF-20.,co2_uptake,per gram of sorbent,visible_marker,,,,,,,
fig2a,a,fig2a:a:co2-363k-eb2ec54f,CO2 363K,835.2262,mbar,2.101,mmol/g,star,solid,#197b35,false,high,727.05,447.08,assigned_by=shape; source=auto,pt-0f5a51ba5abe4cf1,src-4e2eaf15325b00df,CO2,true,Legend entry CO2 @ 363K; caption states panel A contains CO2 isotherms on pure CALF-20.,co2_uptake,per gram of sorbent,visible_marker,,,,,,,
fig2a,a,fig2a:a:co2-363k-eb2ec54f,CO2 363K,870.4443,mbar,2.1409,mmol/g,star,solid,#197b35,false,high,752.38,442.12,assigned_by=shape; source=auto,pt-4d0c6ae8743b3382,src-ff0d216b40840bc6,CO2,true,Legend entry CO2 @ 363K; caption states panel A contains CO2 isotherms on pure CALF-20.,co2_uptake,per gram of sorbent,visible_marker,,,,,,,
fig2a,a,fig2a:a:co2-363k-eb2ec54f,CO2 363K,897.8822,mbar,2.141,mmol/g,star,solid,#197b35,false,high,772.12,442.11,assigned_by=shape; source=auto,pt-51dd30d3f0d13d58,src-f5db81fb42000375,CO2,true,Legend entry CO2 @ 363K; caption states panel A contains CO2 isotherms on pure CALF-20.,co2_uptake,per gram of sorbent,visible_marker,,,,,,,
fig2a,a,fig2a:a:co2-363k-eb2ec54f,CO2 363K,927.3893,mbar,2.1779,mmol/g,star,solid,#197b35,false,high,793.34,437.53,assigned_by=shape; source=auto,pt-1f85cdca2c843ae7,src-b6a87c869d642461,CO2,true,Legend entry CO2 @ 363K; caption states panel A contains CO2 isotherms on pure CALF-20.,co2_uptake,per gram of sorbent,visible_marker,,,,,,,
fig2a,a,fig2a:a:co2-363k-eb2ec54f,CO2 363K,956.94,mbar,2.1829,mmol/g,star,solid,#197b35,false,high,814.6,436.9,assigned_by=shape; source=auto,pt-80a82cab5bcf2811,src-1448bad0fc684901,CO2,true,Legend entry CO2 @ 363K; caption states panel A contains CO2 isotherms on pure CALF-20.,co2_uptake,per gram of sorbent,visible_marker,,,,,,,
fig2a,a,fig2a:a:co2-363k-eb2ec54f,CO2 363K,1005.1926,mbar,2.2144,mmol/g,star,solid,#197b35,false,low,849.31,432.99,overlap_flag=true; assigned_by=shape; source=auto,pt-600dbd7a3be6a598,src-f13672e37b562b66,CO2,true,Legend entry CO2 @ 363K; caption states panel A contains CO2 isotherms on pure CALF-20.,co2_uptake,per gram of sorbent,partially_visible_marker,,,,,,,
fig2a,a,fig2a:a:co2-363k-eb2ec54f,CO2 363K,1017.121,mbar,2.2163,mmol/g,star,solid,#197b35,false,low,857.89,432.75,overlap_flag=true; assigned_by=shape; source=auto,pt-d76853567770cc42,src-d87b8ee75c51b43d,CO2,true,Legend entry CO2 @ 363K; caption states panel A contains CO2 isotherms on pure CALF-20.,co2_uptake,per gram of sorbent,partially_visible_marker,,,,,,,
fig2a,a,fig2a:a:co2-363k-eb2ec54f,CO2 363K,1081.8725,mbar,2.2508,mmol/g,star,solid,#197b35,false,high,904.46,428.46,assigned_by=shape; source=auto,pt-2ee2a634f3e13409,src-45e60c7e7fa1fc75,CO2,true,Legend entry CO2 @ 363K; caption states panel A contains CO2 isotherms on pure CALF-20.,co2_uptake,per gram of sorbent,visible_marker,,,,,,,
fig2a,a,fig2a:a:co2-363k-eb2ec54f,CO2 363K,1138.9567,mbar,2.2785,mmol/g,star,solid,#197b35,false,high,945.52,425.02,assigned_by=shape; source=auto,pt-4e843d05c4fd4e7d,src-130fa1b0ce02f0fe,CO2,true,Legend entry CO2 @ 363K; caption states panel A contains CO2 isotherms on pure CALF-20.,co2_uptake,per gram of sorbent,visible_marker,,,,,,,
fig2a,a,fig2a:a:co2-363k-eb2ec54f,CO2 363K,1193.6248,mbar,2.2944,mmol/g,star,solid,#197b35,false,high,984.84,423.05,assigned_by=shape; source=auto,pt-4b306e60f76c9341,src-8092e6f453e82092,CO2,true,Legend entry CO2 @ 363K; caption states panel A contains CO2 isotherms on pure CALF-20.,co2_uptake,per gram of sorbent,visible_marker,,,,,,,
fig2a,a,fig2a:a:co2-373k-9f2f766d,CO2 373K,9.337,mbar,0.307,mmol/g,hexagon,solid,#2a2b86,false,medium,133.0,670.0,overlap_flag=true; assigned_by=dense_region; source=auto,pt-056429382880152d,src-a94c712229d753ce,CO2,true,Legend entry CO2 @ 373K; caption states panel A contains CO2 isotherms on pure CALF-20.,co2_uptake,per gram of sorbent,partially_visible_marker,,,,,,,
fig2a,a,fig2a:a:co2-373k-9f2f766d,CO2 373K,17.6786,mbar,0.3311,mmol/g,hexagon,solid,#2a2b86,false,medium,139.0,667.0,overlap_flag=true; assigned_by=dense_region; source=auto,pt-4a6dead1bdaee2fa,src-998e9cfa1c0a4018,CO2,true,Legend entry CO2 @ 373K; caption states panel A contains CO2 isotherms on pure CALF-20.,co2_uptake,per gram of sorbent,partially_visible_marker,,,,,,,
fig2a,a,fig2a:a:co2-373k-9f2f766d,CO2 373K,34.3617,mbar,0.3794,mmol/g,hexagon,solid,#2a2b86,false,medium,151.0,661.0,overlap_flag=true; assigned_by=dense_region; source=auto,pt-eea71f89f9adf016,src-9e19f270dc445ebd,CO2,true,Legend entry CO2 @ 373K; caption states panel A contains CO2 isotherms on pure CALF-20.,co2_uptake,per gram of sorbent,partially_visible_marker,,,,,,,
fig2a,a,fig2a:a:co2-373k-9f2f766d,CO2 373K,46.8741,mbar,0.4197,mmol/g,hexagon,solid,#2a2b86,false,medium,160.0,656.0,overlap_flag=true; assigned_by=dense_region; source=auto,pt-40925675940e7b14,src-f9eee8ec798f24a7,CO2,true,Legend entry CO2 @ 373K; caption states panel A contains CO2 isotherms on pure CALF-20.,co2_uptake,per gram of sorbent,partially_visible_marker,,,,,,,
fig2a,a,fig2a:a:co2-373k-9f2f766d,CO2 373K,80.9112,mbar,0.3104,mmol/g,hexagon,solid,#2a2b86,false,medium,184.48,669.58,assigned_by=joint_assignment; source=auto,pt-5faff31625b26d46,src-c272b7a80e9a9666,CO2,true,Legend entry CO2 @ 373K; caption states panel A contains CO2 isotherms on pure CALF-20.,co2_uptake,per gram of sorbent,visible_marker,,,,,,,
fig2a,a,fig2a:a:co2-373k-9f2f766d,CO2 373K,103.8748,mbar,0.4679,mmol/g,hexagon,solid,#2a2b86,false,medium,201.0,650.0,overlap_flag=true; assigned_by=dense_region; source=auto,pt-ef7d33f656db046e,src-bad66026a4c5c37d,CO2,true,Legend entry CO2 @ 373K; caption states panel A contains CO2 isotherms on pure CALF-20.,co2_uptake,per gram of sorbent,partially_visible_marker,,,,,,,
fig2a,a,fig2a:a:co2-373k-9f2f766d,CO2 373K,197.7486,mbar,0.6718,mmol/g,hexagon,solid,#2a2b86,false,high,268.52,624.67,assigned_by=joint_assignment; source=auto,pt-2506124c43e50d33,src-f39bc39515f5b021,CO2,true,Legend entry CO2 @ 373K; caption states panel A contains CO2 isotherms on pure CALF-20.,co2_uptake,per gram of sorbent,visible_marker,,,,,,,
fig2a,a,fig2a:a:co2-373k-9f2f766d,CO2 373K,217.8764,mbar,0.7335,mmol/g,hexagon,solid,#2a2b86,false,medium,283.0,617.0,overlap_flag=true; assigned_by=dense_region; source=auto,pt-cdc77a1972738fdd,src-1940e266f2a1256e,CO2,true,Legend entry CO2 @ 373K; caption states panel A contains CO2 isotherms on pure CALF-20.,co2_uptake,per gram of sorbent,partially_visible_marker,,,,,,,
fig2a,a,fig2a:a:co2-373k-9f2f766d,CO2 373K,256.8964,mbar,0.8254,mmol/g,hexagon,solid,#2a2b86,false,high,311.07,605.58,assigned_by=joint_assignment; source=auto,pt-445a661b85eb8969,src-d0f1db6800ac9896,CO2,true,Legend entry CO2 @ 373K; caption states panel A contains CO2 isotherms on pure CALF-20.,co2_uptake,per gram of sorbent,visible_marker,,,,,,,
fig2a,a,fig2a:a:co2-373k-9f2f766d,CO2 373K,296.7397,mbar,0.9622,mmol/g,hexagon,solid,#2a2b86,false,high,339.73,588.59,assigned_by=joint_assignment; source=auto,pt-1bfb4d273fe15bed,src-0a473778dc3621c8,CO2,true,Legend entry CO2 @ 373K; caption states panel A contains CO2 isotherms on pure CALF-20.,co2_uptake,per gram of sorbent,visible_marker,,,,,,,
fig2a,a,fig2a:a:co2-373k-9f2f766d,CO2 373K,322.8278,mbar,0.9947,mmol/g,hexagon,solid,#2a2b86,false,high,358.49,584.54,assigned_by=joint_assignment; source=auto,pt-ff706e246359a0dc,src-3f1c4285bf71a195,CO2,true,Legend entry CO2 @ 373K; caption states panel A contains CO2 isotherms on pure CALF-20.,co2_uptake,per gram of sorbent,visible_marker,,,,,,,
fig2a,a,fig2a:a:co2-373k-9f2f766d,CO2 373K,387.6081,mbar,1.1615,mmol/g,hexagon,solid,#2a2b86,false,high,405.09,563.82,assigned_by=joint_assignment; source=auto,pt-984a6856fd36ecca,src-b21e219141547b3a,CO2,true,Legend entry CO2 @ 373K; caption states panel A contains CO2 isotherms on pure CALF-20.,co2_uptake,per gram of sorbent,visible_marker,,,,,,,
fig2a,a,fig2a:a:co2-373k-9f2f766d,CO2 373K,397.2203,mbar,1.2164,mmol/g,hexagon,solid,#2a2b86,false,medium,412.0,557.0,assigned_by=joint_assignment; source=auto,pt-1647d83df2d1c682,src-8b7932ff68a1f015,CO2,true,Legend entry CO2 @ 373K; caption states panel A contains CO2 isotherms on pure CALF-20.,co2_uptake,per gram of sorbent,visible_marker,,,,,,,
fig2a,a,fig2a:a:co2-373k-9f2f766d,CO2 373K,403.8391,mbar,1.213,mmol/g,hexagon,solid,#2a2b86,false,medium,416.76,557.42,assigned_by=joint_assignment; source=auto,pt-53c00f1bfa3b4310,src-d96354fd0c68ed39,CO2,true,Legend entry CO2 @ 373K; caption states panel A contains CO2 isotherms on pure CALF-20.,co2_uptake,per gram of sorbent,visible_marker,,,,,,,
fig2a,a,fig2a:a:co2-373k-9f2f766d,CO2 373K,448.3197,mbar,1.2763,mmol/g,hexagon,solid,#2a2b86,false,high,448.76,549.55,assigned_by=joint_assignment; source=auto,pt-c16473afb9ce4fc2,src-524db43850e4229f,CO2,true,Legend entry CO2 @ 373K; caption states panel A contains CO2 isotherms on pure CALF-20.,co2_uptake,per gram of sorbent,visible_marker,,,,,,,
fig2a,a,fig2a:a:co2-373k-9f2f766d,CO2 373K,506.352,mbar,1.3815,mmol/g,hexagon,solid,#2a2b86,false,high,490.5,536.49,assigned_by=joint_assignment; source=auto,pt-927a840cb694608b,src-be7048ae9a70bf89,CO2,true,Legend entry CO2 @ 373K; caption states panel A contains CO2 isotherms on pure CALF-20.,co2_uptake,per gram of sorbent,visible_marker,,,,,,,
fig2a,a,fig2a:a:co2-373k-9f2f766d,CO2 373K,572.9907,mbar,1.4947,mmol/g,hexagon,solid,#2a2b86,false,high,538.43,522.41,assigned_by=joint_assignment; source=auto,pt-82d4134e6cecf4ee,src-4202915e793b500b,CO2,true,Legend entry CO2 @ 373K; caption states panel A contains CO2 isotherms on pure CALF-20.,co2_uptake,per gram of sorbent,visible_marker,,,,,,,
fig2a,a,fig2a:a:co2-373k-9f2f766d,CO2 373K,600.9912,mbar,1.5441,mmol/g,hexagon,solid,#2a2b86,false,high,558.57,516.28,assigned_by=joint_assignment; source=auto,pt-f3b5817fa635805e,src-1b094467808259dc,CO2,true,Legend entry CO2 @ 373K; caption states panel A contains CO2 isotherms on pure CALF-20.,co2_uptake,per gram of sorbent,visible_marker,,,,,,,
fig2a,a,fig2a:a:co2-373k-9f2f766d,CO2 373K,633.6767,mbar,1.5683,mmol/g,hexagon,solid,#2a2b86,false,high,582.08,513.27,assigned_by=joint_assignment; source=auto,pt-1abd573e384e6116,src-385eebb5e7450def,CO2,true,Legend entry CO2 @ 373K; caption states panel A contains CO2 isotherms on pure CALF-20.,co2_uptake,per gram of sorbent,visible_marker,,,,,,,
fig2a,a,fig2a:a:co2-373k-9f2f766d,CO2 373K,698.0299,mbar,1.6476,mmol/g,hexagon,solid,#2a2b86,false,high,628.37,503.42,assigned_by=joint_assignment; source=auto,pt-e1faf5222456bcbf,src-530f25586b8af0a1,CO2,true,Legend entry CO2 @ 373K; caption states panel A contains CO2 isotherms on pure CALF-20.,co2_uptake,per gram of sorbent,visible_marker,,,,,,,
fig2a,a,fig2a:a:co2-373k-9f2f766d,CO2 373K,758.3774,mbar,1.7085,mmol/g,hexagon,solid,#2a2b86,false,high,671.78,495.85,assigned_by=joint_assignment; source=auto,pt-2b37dfee805fbd54,src-e70942cdbfd41b03,CO2,true,Legend entry CO2 @ 373K; caption states panel A contains CO2 isotherms on pure CALF-20.,co2_uptake,per gram of sorbent,visible_marker,,,,,,,
fig2a,a,fig2a:a:co2-373k-9f2f766d,CO2 373K,800.2842,mbar,1.7753,mmol/g,hexagon,solid,#2a2b86,false,high,701.92,487.55,assigned_by=joint_assignment; source=auto,pt-db309353cc902d25,src-4b0c6aa4c5e77393,CO2,true,Legend entry CO2 @ 373K; caption states panel A contains CO2 isotherms on pure CALF-20.,co2_uptake,per gram of sorbent,visible_marker,,,,,,,
fig2a,a,fig2a:a:co2-373k-9f2f766d,CO2 373K,823.5803,mbar,1.7702,mmol/g,hexagon,solid,#2a2b86,false,high,718.68,488.19,assigned_by=joint_assignment; source=auto,pt-6d575ca9c6996e3d,src-b75627becb726b8a,CO2,true,Legend entry CO2 @ 373K; caption states panel A contains CO2 isotherms on pure CALF-20.,co2_uptake,per gram of sorbent,visible_marker,,,,,,,
fig2a,a,fig2a:a:co2-373k-9f2f766d,CO2 373K,884.203,mbar,1.8286,mmol/g,hexagon,solid,#2a2b86,false,high,762.28,480.93,assigned_by=joint_assignment; source=auto,pt-2b2c66e1d9b0141c,src-9f8710feb63423e8,CO2,true,Legend entry CO2 @ 373K; caption states panel A contains CO2 isotherms on pure CALF-20.,co2_uptake,per gram of sorbent,visible_marker,,,,,,,
fig2a,a,fig2a:a:co2-373k-9f2f766d,CO2 373K,948.5635,mbar,1.8797,mmol/g,hexagon,solid,#2a2b86,false,high,808.57,474.58,assigned_by=joint_assignment; source=auto,pt-e27be76cfe9ff6eb,src-ca079f2a4ba160b7,CO2,true,Legend entry CO2 @ 373K; caption states panel A contains CO2 isotherms on pure CALF-20.,co2_uptake,per gram of sorbent,visible_marker,,,,,,,
fig2a,a,fig2a:a:co2-373k-9f2f766d,CO2 373K,982.103,mbar,1.934,mmol/g,hexagon,solid,#2a2b86,false,high,832.7,467.83,assigned_by=joint_assignment; source=auto,pt-5e520d7ce1cf32a7,src-685ac543e0b40e31,CO2,true,Legend entry CO2 @ 373K; caption states panel A contains CO2 isotherms on pure CALF-20.,co2_uptake,per gram of sorbent,visible_marker,,,,,,,
fig2a,a,fig2a:a:co2-373k-9f2f766d,CO2 373K,1010.5617,mbar,1.9219,mmol/g,hexagon,solid,#2a2b86,false,high,853.17,469.34,assigned_by=joint_assignment; source=auto,pt-2564e7f058114f27,src-3098dd8b37f0e852,CO2,true,Legend entry CO2 @ 373K; caption states panel A contains CO2 isotherms on pure CALF-20.,co2_uptake,per gram of sorbent,visible_marker,,,,,,,
fig2a,a,fig2a:a:co2-373k-9f2f766d,CO2 373K,1074.9152,mbar,1.9756,mmol/g,hexagon,solid,#2a2b86,false,high,899.46,462.66,assigned_by=joint_assignment; source=auto,pt-e5f4f89f3c256f41,src-53ffedc83137ae74,CO2,true,Legend entry CO2 @ 373K; caption states panel A contains CO2 isotherms on pure CALF-20.,co2_uptake,per gram of sorbent,visible_marker,,,,,,,
fig2a,a,fig2a:a:co2-373k-9f2f766d,CO2 373K,1086.1139,mbar,2.009,mmol/g,hexagon,solid,#2a2b86,false,low,907.51,458.51,assigned_by=joint_assignment; source=auto,pt-52823c648380754d,src-9e5360dd867ed515,CO2,true,Legend entry CO2 @ 373K; caption states panel A contains CO2 isotherms on pure CALF-20.,co2_uptake,per gram of sorbent,visible_marker,,,,,,,
fig2a,a,fig2a:a:co2-373k-9f2f766d,CO2 373K,1191.6962,mbar,2.0567,mmol/g,hexagon,solid,#2a2b86,false,high,983.46,452.58,assigned_by=joint_assignment; source=auto,pt-b0b317cbd7db6307,src-b9a3c86611fb0bbd,CO2,true,Legend entry CO2 @ 373K; caption states panel A contains CO2 isotherms on pure CALF-20.,co2_uptake,per gram of sorbent,visible_marker,,,,,,,
